{"type": "FeatureCollection", "features": [{"type": "Feature", "id": 12, "properties": {"DISTRICT": "MUSTANG"}, "geometry": {"type": "Polygon", "coordinates": [[[83.6607666015625, 29.177989959716797], [83.66175842285156, 29.180278778076172], [83.66209411621094, 29.181711196899414], [83.66144561767578, 29.183435440063477], [83.6611328125, 29.18515968322754], [83.66081237792969, 29.1868839263916], [83.6604995727539, 29.189464569091797], [83.65953063964844, 29.192054748535156], [83.65888214111328, 29.19320297241211], [83.65792083740234, 29.196651458740234], [83.65727996826172, 29.19866371154785], [83.65696716308594, 29.200963973999023], [83.65697479248047, 29.202688217163086], [83.65763092041016, 29.203542709350586], [83.65992736816406, 29.20439338684082], [83.66221618652344, 29.204668045043945], [83.6651611328125, 29.20494842529297], [83.66647338867188, 29.20551300048828], [83.66975402832031, 29.206361770629883], [83.67171478271484, 29.206924438476562], [83.67466735839844, 29.207773208618164], [83.67630767822266, 29.208337783813477], [83.67794799804688, 29.20918846130371], [83.6805648803711, 29.2103271484375], [83.68220520019531, 29.211179733276367], [83.68482971191406, 29.21260643005371], [83.68614959716797, 29.21346092224121], [83.68778991699219, 29.214601516723633], [83.68877410888672, 29.215456008911133], [83.69075012207031, 29.217453002929688], [83.6927261352539, 29.219738006591797], [83.69437408447266, 29.221744537353516], [83.69568634033203, 29.22316551208496], [83.69766235351562, 29.225460052490234], [83.69931030273438, 29.227169036865234], [83.70095825195312, 29.229175567626953], [83.7026138305664, 29.232318878173828], [83.70393371582031, 29.233749389648438], [83.70623779296875, 29.236034393310547], [83.70821380615234, 29.238319396972656], [83.71116638183594, 29.240602493286133], [83.7144546508789, 29.242883682250977], [83.71675109863281, 29.244022369384766], [83.7197036743164, 29.244871139526367], [83.7236328125, 29.244850158691406], [83.72493743896484, 29.24484634399414], [83.7278823852539, 29.244827270507812], [83.73017120361328, 29.24481201171875], [83.7350845336914, 29.244787216186523], [83.73802947998047, 29.24477767944336], [83.74064636230469, 29.24505043029785], [83.7448959350586, 29.24473762512207], [83.74718475341797, 29.244441986083984], [83.74948120117188, 29.244434356689453], [83.75274658203125, 29.24412727355957], [83.75569152832031, 29.244108200073242], [83.75798797607422, 29.244388580322266], [83.7612533569336, 29.243513107299805], [83.76451873779297, 29.242916107177734], [83.76583099365234, 29.242910385131836], [83.76844787597656, 29.243471145629883], [83.77108001708984, 29.245174407958984], [83.77337646484375, 29.246313095092773], [83.77535247802734, 29.247451782226562], [83.77764129638672, 29.247724533081055], [83.7799301147461, 29.246858596801758], [83.78385162353516, 29.246259689331055], [83.78549194335938, 29.24711036682129], [83.78844451904297, 29.248245239257812], [83.78975677490234, 29.24909782409668], [83.79139709472656, 29.24966049194336], [83.79402160644531, 29.24993896484375], [83.795654296875, 29.24992561340332], [83.79761505126953, 29.24991798400879], [83.79926300048828, 29.251346588134766], [83.79993438720703, 29.25363540649414], [83.80126190185547, 29.256210327148438], [83.80258178710938, 29.2579288482666], [83.80292510986328, 29.259929656982422], [83.8026123046875, 29.26194190979004], [83.80197143554688, 29.264245986938477], [83.80133056640625, 29.266826629638672], [83.80004119873047, 29.269710540771484], [83.79907989501953, 29.27201271057129], [83.7984390258789, 29.274595260620117], [83.79812622070312, 29.276609420776367], [83.79781341552734, 29.278900146484375], [83.79946899414062, 29.281763076782227], [83.80177307128906, 29.282901763916016], [83.80472564697266, 29.28431510925293], [83.8070297241211, 29.28545379638672], [83.80867004394531, 29.286304473876953], [83.80998992919922, 29.28773307800293], [83.81197357177734, 29.290306091308594], [83.8126449584961, 29.292882919311523], [83.81265258789062, 29.294607162475586], [83.81267547607422, 29.297195434570312], [83.81367492675781, 29.299772262573242], [83.81532287597656, 29.30147933959961], [83.81893157958984, 29.3026123046875], [83.82122802734375, 29.303171157836914], [83.82351684570312, 29.30258560180664], [83.8258056640625, 29.302000045776367], [83.82841491699219, 29.301124572753906], [83.83201599121094, 29.30052375793457], [83.83463287353516, 29.30080223083496], [83.83692932128906, 29.30107307434082], [83.83921813964844, 29.301055908203125], [83.84151458740234, 29.300758361816406], [83.84314727783203, 29.30046272277832], [83.8454360961914, 29.3001651763916], [83.8464126586914, 29.29987335205078], [83.84838104248047, 29.299856185913086], [83.850341796875, 29.299848556518555], [83.85297393798828, 29.300983428955078], [83.85494995117188, 29.30240249633789], [83.85627746582031, 29.304697036743164], [83.85694122314453, 29.306407928466797], [83.8605728149414, 29.31011962890625], [83.86418151855469, 29.311250686645508], [83.86680603027344, 29.312097549438477], [83.86975860595703, 29.312652587890625], [83.87369537353516, 29.31377410888672], [83.87664794921875, 29.314619064331055], [83.88026428222656, 29.31574058532715], [83.88256072998047, 29.316877365112305], [83.8855209350586, 29.318010330200195], [83.88814544677734, 29.31914520263672], [83.89142608642578, 29.319978713989258], [83.89306640625, 29.320261001586914], [83.8963394165039, 29.319669723510742], [83.89765167236328, 29.31965446472168], [83.90027618408203, 29.320499420166016], [83.9012680053711, 29.32164192199707], [83.902587890625, 29.3233585357666], [83.90423583984375, 29.324787139892578], [83.90817260742188, 29.325328826904297], [83.91144561767578, 29.32502555847168], [83.9130859375, 29.32501792907715], [83.92159271240234, 29.323816299438477], [83.92387390136719, 29.32265281677246], [83.92681121826172, 29.320907592773438], [83.9294204711914, 29.319740295410156], [83.93138122558594, 29.319730758666992], [83.93629455566406, 29.319700241088867], [83.93956756591797, 29.319107055664062], [83.94185638427734, 29.318519592285156], [83.94544982910156, 29.317626953125], [83.94839477539062, 29.31761360168457], [83.95069122314453, 29.317882537841797], [83.95332336425781, 29.319305419921875], [83.95530700683594, 29.321298599243164], [83.95696258544922, 29.32358169555664], [83.9586181640625, 29.32586669921875], [83.96060180664062, 29.328147888183594], [83.96192169189453, 29.329288482666016], [83.96356964111328, 29.330425262451172], [83.96619415283203, 29.330982208251953], [83.96979522705078, 29.33067512512207], [83.972412109375, 29.33008575439453], [83.97470092773438, 29.329496383666992], [83.98089599609375, 29.326868057250977], [83.98416137695312, 29.32512092590332], [83.98677062988281, 29.324241638183594], [83.99036407470703, 29.32278060913086], [83.99297332763672, 29.321332931518555], [83.99590301513672, 29.319305419921875], [83.99720764160156, 29.31843376159668], [83.99981689453125, 29.317264556884766], [84.0014419555664, 29.31582260131836], [84.00273132324219, 29.314083099365234], [84.0030517578125, 29.312646865844727], [84.00237274169922, 29.310359954833984], [83.9997329711914, 29.30779266357422], [83.99775695800781, 29.306655883789062], [83.99479675292969, 29.304956436157227], [83.99347686767578, 29.304105758666992], [83.99182891845703, 29.302391052246094], [83.99115753173828, 29.30067253112793], [83.99211883544922, 29.298654556274414], [83.99864959716797, 29.296600341796875], [84.00191497802734, 29.295429229736328], [84.00453186035156, 29.295127868652344], [84.0078125, 29.295679092407227], [84.009765625, 29.294513702392578], [84.01236724853516, 29.29277801513672], [84.01399993896484, 29.291614532470703], [84.01725769042969, 29.29015350341797], [84.01856231689453, 29.289857864379883], [84.02020263671875, 29.28985023498535], [84.02346801757812, 29.288389205932617], [84.02509307861328, 29.28751564025879], [84.02639770507812, 29.287220001220703], [84.02837371826172, 29.28778648376465], [84.02903747558594, 29.289216995239258], [84.03004455566406, 29.29150390625], [84.03103637695312, 29.293222427368164], [84.0333480834961, 29.294923782348633], [84.03630828857422, 29.296621322631836], [84.03894805908203, 29.298330307006836], [84.0402603149414, 29.29918098449707], [84.04158020019531, 29.300031661987305], [84.04289245605469, 29.30059242248535], [84.04519653320312, 29.301156997680664], [84.04650115966797, 29.300853729248047], [84.04976654052734, 29.299680709838867], [84.0523681640625, 29.297653198242188], [84.05399322509766, 29.296499252319336], [84.05854034423828, 29.293018341064453], [84.06082153320312, 29.291851043701172], [84.0640869140625, 29.290390014648438], [84.06571197509766, 29.28952407836914], [84.0679931640625, 29.288066864013672], [84.07093048095703, 29.286895751953125], [84.07354736328125, 29.286592483520508], [84.07550811767578, 29.286283493041992], [84.07977294921875, 29.28711700439453], [84.08207702636719, 29.288249969482422], [84.08341217041016, 29.290822982788086], [84.08506774902344, 29.292816162109375], [84.08769989013672, 29.294235229492188], [84.09031677246094, 29.29421043395996], [84.09293365478516, 29.293907165527344], [84.09391784667969, 29.293901443481445], [84.10108184814453, 29.289827346801758], [84.10466766357422, 29.288362503051758], [84.10826110839844, 29.287185668945312], [84.11216735839844, 29.284862518310547], [84.11510467529297, 29.283689498901367], [84.11705780029297, 29.282812118530273], [84.11933135986328, 29.28106689453125], [84.1209487915039, 29.27904510498047], [84.12158966064453, 29.27731704711914], [84.12223052978516, 29.275590896606445], [84.12186431884766, 29.272153854370117], [84.12086486816406, 29.270437240600586], [84.11986541748047, 29.268720626831055], [84.11787414550781, 29.266151428222656], [84.1165542602539, 29.264724731445312], [84.11555480957031, 29.263015747070312], [84.11488342285156, 29.261585235595703], [84.11487579345703, 29.260719299316406], [84.11551666259766, 29.258991241455078], [84.11482238769531, 29.25527000427246], [84.1141357421875, 29.252405166625977], [84.1147689819336, 29.249523162841797], [84.11639404296875, 29.248367309570312], [84.11933135986328, 29.247772216796875], [84.12227630615234, 29.247455596923828], [84.12554168701172, 29.246858596801758], [84.1281509399414, 29.2459774017334], [84.13043212890625, 29.24509620666504], [84.13238525390625, 29.243640899658203], [84.13368225097656, 29.24248695373535], [84.1356201171875, 29.240463256835938], [84.13823699951172, 29.239582061767578], [84.1415023803711, 29.23897361755371], [84.14379119873047, 29.23896026611328], [84.14673614501953, 29.239221572875977], [84.15067291259766, 29.240055084228516], [84.15330505371094, 29.240896224975586], [84.1575698852539, 29.242294311523438], [84.16118621826172, 29.243408203125], [84.16380310058594, 29.243680953979492], [84.165771484375, 29.24365997314453], [84.16773223876953, 29.243358612060547], [84.17359924316406, 29.241010665893555], [84.17555236816406, 29.240131378173828], [84.17816925048828, 29.239538192749023], [84.18144226074219, 29.239795684814453], [84.18539428710938, 29.242351531982422], [84.18770599365234, 29.244050979614258], [84.19033813476562, 29.245468139648438], [84.19328308105469, 29.245439529418945], [84.1965560913086, 29.244840621948242], [84.19916534423828, 29.244245529174805], [84.20308685302734, 29.243345260620117], [84.20470428466797, 29.241609573364258], [84.20401763916016, 29.238744735717773], [84.20267486572266, 29.235595703125], [84.20264434814453, 29.233015060424805], [84.20195007324219, 29.229572296142578], [84.2012710571289, 29.227285385131836], [84.20125579833984, 29.225563049316406], [84.20120239257812, 29.220970153808594], [84.20084381103516, 29.21781349182129], [84.20049285888672, 29.215803146362305], [84.19949340820312, 29.214096069335938], [84.19784545898438, 29.21267318725586], [84.19652557373047, 29.212112426757812], [84.19159698486328, 29.210142135620117], [84.18832397460938, 29.209882736206055], [84.18505096435547, 29.209625244140625], [84.18274688720703, 29.208782196044922], [84.18045043945312, 29.207651138305664], [84.17813873291016, 29.205663681030273], [84.17615509033203, 29.204240798950195], [84.17285919189453, 29.20197105407715], [84.17121124267578, 29.200836181640625], [84.16922760009766, 29.19884490966797], [84.1685562133789, 29.196836471557617], [84.16853332519531, 29.19454574584961], [84.16817474365234, 29.191957473754883], [84.16749572753906, 29.18967056274414], [84.16681671142578, 29.18709373474121], [84.16712188720703, 29.184791564941406], [84.16741943359375, 29.182209014892578], [84.16773986816406, 29.18134117126465], [84.16963958740234, 29.17530059814453], [84.17058563232422, 29.172136306762695], [84.1698989868164, 29.168981552124023], [84.16986846923828, 29.16610336303711], [84.170166015625, 29.162944793701172], [84.17078399658203, 29.160070419311523], [84.17207336425781, 29.158050537109375], [84.1736831665039, 29.155738830566406], [84.17529296875, 29.153146743774414], [84.17625427246094, 29.1511287689209], [84.17656707763672, 29.15026092529297], [84.1761703491211, 29.14337921142578], [84.1761474609375, 29.141366958618164], [84.1761245727539, 29.139354705810547], [84.17643737792969, 29.137916564941406], [84.17642974853516, 29.137060165405273], [84.17706298828125, 29.134756088256836], [84.1783447265625, 29.1324462890625], [84.17930603027344, 29.13071632385254], [84.18092346191406, 29.129261016845703], [84.18351745605469, 29.127521514892578], [84.18644714355469, 29.12605857849121], [84.18938446044922, 29.12546157836914], [84.1919937133789, 29.124866485595703], [84.19591522216797, 29.12425422668457], [84.19950866699219, 29.12451934814453], [84.20147705078125, 29.124784469604492], [84.20310974121094, 29.124774932861328], [84.20470428466797, 29.121307373046875], [84.20468139648438, 29.11872673034668], [84.20433044433594, 29.116437911987305], [84.20462799072266, 29.114133834838867], [84.20492553710938, 29.110973358154297], [84.2045669555664, 29.108394622802734], [84.20421600341797, 29.10580825805664], [84.20354461669922, 29.104665756225586], [84.20254516601562, 29.10295867919922], [84.20154571533203, 29.1009521484375], [84.19988250732422, 29.09867286682129], [84.19888305664062, 29.09666633605957], [84.19854736328125, 29.09581184387207], [84.1978530883789, 29.092369079589844], [84.19651794433594, 29.089797973632812], [84.19385528564453, 29.084941864013672], [84.19219207763672, 29.082660675048828], [84.19020080566406, 29.079517364501953], [84.1888656616211, 29.077234268188477], [84.18851470947266, 29.074934005737305], [84.18850708007812, 29.074077606201172], [84.18848419189453, 29.072065353393555], [84.18846130371094, 29.069772720336914], [84.18876647949219, 29.067758560180664], [84.19035339355469, 29.063146591186523], [84.19064331054688, 29.060274124145508], [84.19062042236328, 29.0579833984375], [84.19059753417969, 29.055683135986328], [84.1905746459961, 29.053958892822266], [84.19023895263672, 29.052526473999023], [84.19021606445312, 29.05080223083496], [84.191162109375, 29.047637939453125], [84.19245910644531, 29.046764373779297], [84.194091796875, 29.046463012695312], [84.19670867919922, 29.047014236450195], [84.19933319091797, 29.047853469848633], [84.20130920410156, 29.04927635192871], [84.20524597167969, 29.050674438476562], [84.20885467529297, 29.051795959472656], [84.21179962158203, 29.052345275878906], [84.21604919433594, 29.052875518798828], [84.21965026855469, 29.053129196166992], [84.22258758544922, 29.053110122680664], [84.22454071044922, 29.052518844604492], [84.22747802734375, 29.05191993713379], [84.22975158691406, 29.05103874206543], [84.23299407958984, 29.0487060546875], [84.23590850830078, 29.046384811401367], [84.23883819580078, 29.04549789428711], [84.24079895019531, 29.045194625854492], [84.24437713623047, 29.043725967407227], [84.24696350097656, 29.041406631469727], [84.24824523925781, 29.039384841918945], [84.24919891357422, 29.036788940429688], [84.24949645996094, 29.03478240966797], [84.25013732910156, 29.03305435180664], [84.25109100341797, 29.03132438659668], [84.25172424316406, 29.02901840209961], [84.25300598144531, 29.027286529541016], [84.25395202636719, 29.024110794067383], [84.25426483154297, 29.022674560546875], [84.25357055664062, 29.019521713256836], [84.25289916992188, 29.017810821533203], [84.24957275390625, 29.01238441467285], [84.2475814819336, 29.009817123413086], [84.24559783935547, 29.007251739501953], [84.24459075927734, 29.005245208740234], [84.2432632446289, 29.002962112426758], [84.24224853515625, 29.000389099121094], [84.24124145507812, 28.997526168823242], [84.24088287353516, 28.994659423828125], [84.24052429199219, 28.992080688476562], [84.24048614501953, 28.988924026489258], [84.2404556274414, 28.9863338470459], [84.24044036865234, 28.984609603881836], [84.24075317382812, 28.983173370361328], [84.24166107177734, 28.977426528930664], [84.24162292480469, 28.973691940307617], [84.23963165283203, 28.970836639404297], [84.23829650878906, 28.96855354309082], [84.2363052368164, 28.9656982421875], [84.23529052734375, 28.96226692199707], [84.23394775390625, 28.95882797241211], [84.23292541503906, 28.955398559570312], [84.2319107055664, 28.952245712280273], [84.23189544677734, 28.951101303100586], [84.2312240600586, 28.94880485534668], [84.22918701171875, 28.942222595214844], [84.22785186767578, 28.939361572265625], [84.22650146484375, 28.93506622314453], [84.2264633178711, 28.93219757080078], [84.22577667236328, 28.929044723510742], [84.22508239746094, 28.925601959228516], [84.22373962402344, 28.921884536743164], [84.22305297851562, 28.91901969909668], [84.2220458984375, 28.916444778442383], [84.22137451171875, 28.915014266967773], [84.2213363647461, 28.911279678344727], [84.22196960449219, 28.9095516204834], [84.22357177734375, 28.90723991394043], [84.22453308105469, 28.90522003173828], [84.2258071899414, 28.902629852294922], [84.22578430175781, 28.900907516479492], [84.2260971069336, 28.899181365966797], [84.22640228271484, 28.897743225097656], [84.22539520263672, 28.894882202148438], [84.2240219116211, 28.891496658325195], [84.22318267822266, 28.891633987426758], [84.21958923339844, 28.89306640625], [84.21501922607422, 28.895082473754883], [84.21109771728516, 28.89594841003418], [84.20816040039062, 28.89681625366211], [84.2061996459961, 28.8971004486084], [84.20098114013672, 28.897966384887695], [84.19640350341797, 28.898548126220703], [84.1931381225586, 28.898839950561523], [84.19020080566406, 28.8985538482666], [84.18660736083984, 28.897981643676758], [84.18301391601562, 28.896554946899414], [84.17974090576172, 28.893390655517578], [84.1761474609375, 28.88966178894043], [84.17353057861328, 28.886512756347656], [84.1702651977539, 28.883071899414062], [84.16764831542969, 28.879623413085938], [84.16438293457031, 28.87618064880371], [84.1611099243164, 28.873027801513672], [84.15784454345703, 28.873031616210938], [84.15523529052734, 28.874752044677734], [84.15262603759766, 28.875905990600586], [84.14903259277344, 28.876768112182617], [84.1451187133789, 28.87763214111328], [84.14250183105469, 28.879074096679688], [84.139892578125, 28.881364822387695], [84.13711547851562, 28.884702682495117], [84.13594055175781, 28.885086059570312], [84.1297607421875, 28.88495445251465], [84.12664794921875, 28.885793685913086], [84.12358093261719, 28.884822845458984], [84.12256622314453, 28.884347915649414], [84.11946868896484, 28.884733200073242], [84.11688995361328, 28.884679794311523], [84.11381530761719, 28.884159088134766], [84.11328887939453, 28.884601593017578], [84.11030578613281, 28.884756088256836], [84.11017608642578, 28.88482666015625], [84.10626220703125, 28.886266708374023], [84.10430145263672, 28.88654899597168], [84.1007080078125, 28.88626480102539], [84.09809112548828, 28.884260177612305], [84.09613037109375, 28.881961822509766], [84.09352111816406, 28.877944946289062], [84.09123992919922, 28.875072479248047], [84.08927917480469, 28.87162971496582], [84.08829498291016, 28.86846923828125], [84.08796691894531, 28.865602493286133], [84.08797454833984, 28.861867904663086], [84.08796691894531, 28.858999252319336], [84.08731842041016, 28.85498046875], [84.08666229248047, 28.85297203063965], [84.08405303955078, 28.849245071411133], [84.08111572265625, 28.847232818603516], [84.0788345336914, 28.84493637084961], [84.07621765136719, 28.842641830444336], [84.07164764404297, 28.840343475341797], [84.07001495361328, 28.840343475341797], [84.06544494628906, 28.84063148498535], [84.06250762939453, 28.84120750427246], [84.05826568603516, 28.841205596923828], [84.05500030517578, 28.839773178100586], [84.05402374267578, 28.838335037231445], [84.05108642578125, 28.834030151367188], [84.05010986328125, 28.830591201782227], [84.0494613647461, 28.826570510864258], [84.04815673828125, 28.821977615356445], [84.0468521118164, 28.819677352905273], [84.04391479492188, 28.817384719848633], [84.03934478759766, 28.815082550048828], [84.03575897216797, 28.813074111938477], [84.0315170288086, 28.810779571533203], [84.02825164794922, 28.808198928833008], [84.02565002441406, 28.804750442504883], [84.02368927001953, 28.80217170715332], [84.02043151855469, 28.800729751586914], [84.01618957519531, 28.801013946533203], [84.0106430053711, 28.80216407775879], [84.00737762451172, 28.804174423217773], [83.99986267089844, 28.81106185913086], [83.9985580444336, 28.813350677490234], [83.99626922607422, 28.815935134887695], [83.99333190917969, 28.81852149963379], [83.98973846435547, 28.820812225341797], [83.98419189453125, 28.822818756103516], [83.98255920410156, 28.825973510742188], [83.97994232177734, 28.82769203186035], [83.97570037841797, 28.827407836914062], [83.97211456298828, 28.82740020751953], [83.96852111816406, 28.827978134155273], [83.96525573730469, 28.829978942871094], [83.96263885498047, 28.83112907409668], [83.95970153808594, 28.83198356628418], [83.95545959472656, 28.83255386352539], [83.95220184326172, 28.831985473632812], [83.94893646240234, 28.83053970336914], [83.94599914550781, 28.82882308959961], [83.94437408447266, 28.827098846435547], [83.94339752197266, 28.82479476928711], [83.94339752197266, 28.822792053222656], [83.94373321533203, 28.819345474243164], [83.94242858886719, 28.81647491455078], [83.94210815429688, 28.813886642456055], [83.94276428222656, 28.811023712158203], [83.94439697265625, 28.808156967163086], [83.94538116455078, 28.80528450012207], [83.94636535644531, 28.801841735839844], [83.94636535644531, 28.79868507385254], [83.94539642333984, 28.795812606811523], [83.944091796875, 28.7923641204834], [83.94246673583984, 28.789783477783203], [83.93985748291016, 28.786911010742188], [83.93757629394531, 28.78519058227539], [83.93464660644531, 28.7825984954834], [83.93236541748047, 28.780588150024414], [83.92649841308594, 28.778579711914062], [83.9225845336914, 28.778282165527344], [83.91867065429688, 28.77799415588379], [83.91573333740234, 28.77770233154297], [83.91214752197266, 28.77741241455078], [83.90921020507812, 28.776552200317383], [83.90836334228516, 28.77613639831543], [83.90787506103516, 28.77577018737793], [83.9058837890625, 28.77345848083496], [83.90489196777344, 28.772075653076172], [83.9049072265625, 28.771623611450195], [83.9034423828125, 28.768869400024414], [83.90296173095703, 28.7679500579834], [83.90245819091797, 28.767484664916992], [83.9019546508789, 28.76702117919922], [83.90199279785156, 28.765661239624023], [83.90103149414062, 28.76337242126465], [83.90104675292969, 28.762920379638672], [83.90007019042969, 28.761085510253906], [83.8990707397461, 28.760154724121094], [83.89812469482422, 28.75741195678711], [83.89799499511719, 28.757165908813477], [83.89783477783203, 28.75615882873535], [83.89750671386719, 28.75358009338379], [83.89718627929688, 28.752426147460938], [83.89556121826172, 28.748411178588867], [83.8942642211914, 28.746109008789062], [83.8923110961914, 28.744096755981445], [83.88970184326172, 28.74237823486328], [83.88710021972656, 28.740360260009766], [83.88384246826172, 28.73835563659668], [83.88123321533203, 28.73662567138672], [83.87863159179688, 28.733463287353516], [83.87635803222656, 28.7305965423584], [83.87440490722656, 28.728864669799805], [83.87081909179688, 28.72628402709961], [83.86788940429688, 28.724267959594727], [83.86528778076172, 28.723981857299805], [83.86006927490234, 28.725112915039062], [83.85713195800781, 28.725975036621094], [83.85386657714844, 28.726547241210938], [83.8506088256836, 28.727401733398438], [83.84539031982422, 28.72739601135254], [83.84148406982422, 28.726240158081055], [83.83757781982422, 28.723651885986328], [83.83432006835938, 28.721057891845703], [83.83204650878906, 28.71904754638672], [83.82813262939453, 28.717891693115234], [83.82455444335938, 28.717031478881836], [83.82162475585938, 28.715591430664062], [83.81771850585938, 28.71356964111328], [83.81413269042969, 28.711275100708008], [83.81153106689453, 28.709257125854492], [83.80730438232422, 28.706378936767578], [83.80372619628906, 28.70379638671875], [83.80079650878906, 28.701200485229492], [83.7978744506836, 28.698326110839844], [83.7949447631836, 28.695741653442383], [83.7939682006836, 28.69430160522461], [83.79332733154297, 28.692293167114258], [83.79173278808594, 28.691389083862305], [83.7894515991211, 28.691118240356445], [83.78782653808594, 28.691125869750977], [83.78489685058594, 28.69085693359375], [83.7819595336914, 28.69029998779297], [83.77869415283203, 28.689167022705078], [83.77510833740234, 28.688323974609375], [83.7728271484375, 28.68776512145996], [83.76859283447266, 28.686933517456055], [83.76566314697266, 28.68694496154785], [83.76240539550781, 28.686965942382812], [83.75362396240234, 28.687585830688477], [83.75102233886719, 28.68789291381836], [83.74906921386719, 28.687898635864258], [83.7464599609375, 28.687339782714844], [83.74449920654297, 28.68563461303711], [83.74285888671875, 28.683916091918945], [83.74186706542969, 28.68134117126465], [83.74185180664062, 28.679039001464844], [83.74182891845703, 28.67646026611328], [83.74051666259766, 28.67417335510254], [83.73822784423828, 28.67245864868164], [83.7359390258789, 28.67104148864746], [83.733642578125, 28.668758392333984], [83.73265075683594, 28.666461944580078], [83.73230743408203, 28.663305282592773], [83.73326110839844, 28.660432815551758], [83.73357391357422, 28.65842056274414], [83.73290252685547, 28.65584373474121], [83.73191833496094, 28.65384292602539], [83.7309341430664, 28.652692794799805], [83.72865295410156, 28.651853561401367], [83.72636413574219, 28.651004791259766], [83.72441101074219, 28.65015411376953], [83.72114562988281, 28.649019241333008], [83.71885681152344, 28.647024154663086], [83.71721649169922, 28.645307540893555], [83.71524810791016, 28.642166137695312], [83.71360778808594, 28.640159606933594], [83.71229553222656, 28.638450622558594], [83.71098327636719, 28.63673210144043], [83.70933532714844, 28.633581161499023], [83.70801544189453, 28.630435943603516], [83.70669555664062, 28.627573013305664], [83.70537567138672, 28.624998092651367], [83.70406341552734, 28.62270164489746], [83.70274353027344, 28.619836807250977], [83.70142364501953, 28.617839813232422], [83.700439453125, 28.61640739440918], [83.69847869873047, 28.614700317382812], [83.69651794433594, 28.61327362060547], [83.6942367553711, 28.612422943115234], [83.69097900390625, 28.61128807067871], [83.68869018554688, 28.60987091064453], [83.68770599365234, 28.60786247253418], [83.6873550415039, 28.604705810546875], [83.68669128417969, 28.601839065551758], [83.68536376953125, 28.598407745361328], [83.68405151367188, 28.5958309173584], [83.68338012695312, 28.592388153076172], [83.68270874023438, 28.589521408081055], [83.68204498291016, 28.58723258972168], [83.68104553222656, 28.584077835083008], [83.67940521240234, 28.580638885498047], [83.67776489257812, 28.57863998413086], [83.6738510131836, 28.57636260986328], [83.67059326171875, 28.575515747070312], [83.6673355102539, 28.574678421020508], [83.6644058227539, 28.574398040771484], [83.6595230102539, 28.57327651977539], [83.65594482421875, 28.573007583618164], [83.65204620361328, 28.573028564453125], [83.65011596679688, 28.576480865478516], [83.6501235961914, 28.578203201293945], [83.64948272705078, 28.579360961914062], [83.64753723144531, 28.580223083496094], [83.64460754394531, 28.579383850097656], [83.64330291748047, 28.578811645507812], [83.64037322998047, 28.57796287536621], [83.63646697998047, 28.577693939208984], [83.63288879394531, 28.577713012695312], [83.62931823730469, 28.57830047607422], [83.62542724609375, 28.58004379272461], [83.62120819091797, 28.581499099731445], [83.61861419677734, 28.582950592041016], [83.6134262084961, 28.584407806396484], [83.60985565185547, 28.5855712890625], [83.60206604003906, 28.587902069091797], [83.59979248046875, 28.588485717773438], [83.5962142944336, 28.588214874267578], [83.59327697753906, 28.586509704589844], [83.59099578857422, 28.585081100463867], [83.58968353271484, 28.583938598632812], [83.58643341064453, 28.58281135559082], [83.58318328857422, 28.583972930908203], [83.58092498779297, 28.586566925048828], [83.57833862304688, 28.589153289794922], [83.57672119140625, 28.59145736694336], [83.57511138916016, 28.594051361083984], [83.57382202148438, 28.59693145751953], [83.57221984863281, 28.60066032409668], [83.57061767578125, 28.605552673339844], [83.5699691772461, 28.606122970581055], [83.56900787353516, 28.6090030670166], [83.56837463378906, 28.611583709716797], [83.56773376464844, 28.6138858795166], [83.56775665283203, 28.617618560791016], [83.56776428222656, 28.61962127685547], [83.56842803955078, 28.622777938842773], [83.56845092773438, 28.626222610473633], [83.56781005859375, 28.628812789916992], [83.56718444824219, 28.632251739501953], [83.56654357910156, 28.634552001953125], [83.56591033935547, 28.63800048828125], [83.56398010253906, 28.64288330078125], [83.56301879882812, 28.6448974609375], [83.5614013671875, 28.646345138549805], [83.55879974365234, 28.647785186767578], [83.55718231201172, 28.64865493774414], [83.55360412597656, 28.64952850341797], [83.55133819580078, 28.65068817138672], [83.54971313476562, 28.65213394165039], [83.54745483398438, 28.65558433532715], [83.54584503173828, 28.658456802368164], [83.54488372802734, 28.66190528869629], [83.5439224243164, 28.664783477783203], [83.54328918457031, 28.668230056762695], [83.54232788085938, 28.67167854309082], [83.54137420654297, 28.675125122070312], [83.54008483886719, 28.677995681762695], [83.53814697265625, 28.68116569519043], [83.53718566894531, 28.683748245239258], [83.535888671875, 28.685474395751953], [83.53491973876953, 28.68748664855957], [83.5349349975586, 28.689786911010742], [83.53559875488281, 28.693222045898438], [83.5362548828125, 28.69465446472168], [83.53790283203125, 28.69780731201172], [83.53888702392578, 28.700096130371094], [83.53987884521484, 28.703540802001953], [83.5405502319336, 28.70640754699707], [83.54219055175781, 28.70956039428711], [83.5428466796875, 28.711273193359375], [83.54415893554688, 28.71356964111328], [83.54515075683594, 28.716148376464844], [83.54679107666016, 28.719013214111328], [83.54843139648438, 28.721010208129883], [83.55039978027344, 28.723875045776367], [83.55171203613281, 28.726163864135742], [83.55302429199219, 28.728740692138672], [83.55433654785156, 28.731027603149414], [83.55597686767578, 28.733604431152344], [83.55795288085938, 28.737045288085938], [83.5599136352539, 28.73933219909668], [83.56188201904297, 28.74219512939453], [83.56319427490234, 28.74419593811035], [83.56385803222656, 28.74706268310547], [83.56322479248047, 28.749652862548828], [83.56095886230469, 28.753103256225586], [83.55998992919922, 28.75482749938965], [83.55967712402344, 28.756261825561523], [83.56000518798828, 28.75740623474121], [83.5606689453125, 28.75970458984375], [83.56134033203125, 28.763429641723633], [83.56102752685547, 28.765729904174805], [83.56005859375, 28.76803207397461], [83.5584487915039, 28.771770477294922], [83.55552673339844, 28.774076461791992], [83.55260467529297, 28.774948120117188], [83.54967498779297, 28.775819778442383], [83.54544830322266, 28.777273178100586], [83.5408935546875, 28.7784366607666], [83.53536224365234, 28.780179977416992], [83.53341674804688, 28.780759811401367], [83.53015899658203, 28.781633377075195], [83.52853393554688, 28.78221321105957], [83.52560424804688, 28.78337287902832], [83.5217056274414, 28.785112380981445], [83.51910400390625, 28.786272048950195], [83.51618194580078, 28.788000106811523], [83.51390838623047, 28.78915786743164], [83.509033203125, 28.791187286376953], [83.50675201416016, 28.79176902770996], [83.50284576416016, 28.79149627685547], [83.49665069580078, 28.79037094116211], [83.4901351928711, 28.789823532104492], [83.49112701416016, 28.79296875], [83.49112701416016, 28.79412269592285], [83.49146270751953, 28.796125411987305], [83.49114990234375, 28.79928207397461], [83.49051666259766, 28.802448272705078], [83.49018859863281, 28.8035945892334], [83.48922729492188, 28.80646514892578], [83.48858642578125, 28.809053421020508], [83.48599243164062, 28.81279182434082], [83.48535919189453, 28.815372467041016], [83.48471069335938, 28.817672729492188], [83.48440551757812, 28.821407318115234], [83.4847412109375, 28.82456398010254], [83.48507690429688, 28.82656478881836], [83.48606872558594, 28.83000946044922], [83.486083984375, 28.833166122436523], [83.48609161376953, 28.836322784423828], [83.48578643798828, 28.839479446411133], [83.48579406738281, 28.842636108398438], [83.48743438720703, 28.844924926757812], [83.4897232055664, 28.846065521240234], [83.49200439453125, 28.846342086791992], [83.4952621459961, 28.845470428466797], [83.49818420410156, 28.84374237060547], [83.5011215209961, 28.84430694580078], [83.50439453125, 28.848026275634766], [83.50538635253906, 28.851749420166016], [83.50637817382812, 28.854616165161133], [83.50704193115234, 28.85805892944336], [83.5067367553711, 28.861217498779297], [83.50641632080078, 28.863508224487305], [83.50545501708984, 28.866676330566406], [83.50415802001953, 28.868968963623047], [83.50286865234375, 28.871559143066406], [83.50254821777344, 28.8741397857666], [83.50354766845703, 28.877582550048828], [83.50453186035156, 28.88016128540039], [83.50715637207031, 28.883312225341797], [83.50944519042969, 28.88502311706543], [83.51337432861328, 28.888452529907227], [83.5159912109375, 28.89044952392578], [83.51828002929688, 28.893024444580078], [83.52057647705078, 28.89531135559082], [83.52286529541016, 28.897029876708984], [83.5264663696289, 28.900739669799805], [83.52810668945312, 28.90245819091797], [83.52942657470703, 28.904747009277344], [83.5317153930664, 28.907033920288086], [83.53401184082031, 28.909320831298828], [83.53499603271484, 28.910465240478516], [83.53695678710938, 28.912471771240234], [83.5385971069336, 28.913894653320312], [83.54122161865234, 28.916467666625977], [83.54252624511719, 28.91790008544922], [83.5448226928711, 28.920475006103516], [83.54679107666016, 28.922183990478516], [83.54842376708984, 28.923904418945312], [83.55072021484375, 28.925901412963867], [83.55301666259766, 28.92818832397461], [83.55464935302734, 28.929906845092773], [83.55694580078125, 28.932771682739258], [83.55793762207031, 28.935348510742188], [83.55892944335938, 28.93678092956543], [83.5599136352539, 28.93935775756836], [83.56090545654297, 28.941646575927734], [83.56156921386719, 28.943368911743164], [83.5632095336914, 28.945077896118164], [83.56549835205078, 28.94593048095703], [83.56745910644531, 28.947072982788086], [83.56941986083984, 28.948213577270508], [83.57203674316406, 28.949920654296875], [83.57432556152344, 28.950773239135742], [83.57891845703125, 28.954776763916016], [83.57990264892578, 28.956497192382812], [83.58219909667969, 28.959352493286133], [83.5838394165039, 28.96164894104004], [83.58515930175781, 28.963359832763672], [83.58712768554688, 28.96564483642578], [83.5881118774414, 28.967365264892578], [83.58943176269531, 28.97052001953125], [83.59075927734375, 28.973953247070312], [83.59175109863281, 28.976530075073242], [83.59307098388672, 28.97939682006836], [83.59471130371094, 28.981403350830078], [83.59700775146484, 28.98369026184082], [83.59962463378906, 28.984819412231445], [83.60191345214844, 28.985103607177734], [83.60419464111328, 28.984519958496094], [83.6064682006836, 28.982784271240234], [83.60841369628906, 28.98134422302246], [83.61233520507812, 28.981037139892578], [83.6146240234375, 28.982755661010742], [83.61627197265625, 28.985042572021484], [83.61693572998047, 28.987043380737305], [83.61727142333984, 28.989341735839844], [83.61827087402344, 28.993064880371094], [83.61894226074219, 28.996797561645508], [83.6186294555664, 28.999378204345703], [83.61898040771484, 29.00339126586914], [83.61930847167969, 29.004833221435547], [83.62030029296875, 29.007122039794922], [83.6209716796875, 29.00969886779785], [83.61967468261719, 29.011714935302734], [83.61870574951172, 29.01372718811035], [83.6180648803711, 29.015451431274414], [83.61840057373047, 29.01746368408203], [83.62004852294922, 29.020038604736328], [83.6207046508789, 29.021751403808594], [83.62006378173828, 29.02376365661621], [83.61908721923828, 29.02463150024414], [83.61746215820312, 29.02579116821289], [83.6168212890625, 29.027515411376953], [83.61781311035156, 29.030380249023438], [83.61848449707031, 29.033246994018555], [83.61783599853516, 29.034971237182617], [83.61719512939453, 29.03669548034668], [83.6175308227539, 29.038986206054688], [83.6195068359375, 29.040983200073242], [83.6204833984375, 29.04155921936035], [83.6224594116211, 29.04413414001465], [83.622802734375, 29.04728889465332], [83.62281799316406, 29.050445556640625], [83.62250518798828, 29.053604125976562], [83.62284851074219, 29.056182861328125], [83.6235122680664, 29.057903289794922], [83.62450408935547, 29.059904098510742], [83.62712097167969, 29.061620712280273], [83.62908935546875, 29.062761306762695], [83.63170623779297, 29.06389045715332], [83.63334655761719, 29.065032958984375], [83.63499450683594, 29.067039489746094], [83.63533020019531, 29.06875228881836], [83.63501739501953, 29.07105255126953], [83.63404846191406, 29.07306671142578], [83.6330795288086, 29.075658798217773], [83.63243865966797, 29.077661514282227], [83.63179779052734, 29.07996368408203], [83.63082122802734, 29.08197784423828], [83.6305160522461, 29.084558486938477], [83.63019561767578, 29.08685874938965], [83.6279296875, 29.09031105041504], [83.62662506103516, 29.09117889404297], [83.625, 29.09204864501953], [83.62336730957031, 29.09263038635254], [83.62174224853516, 29.094356536865234], [83.62077331542969, 29.096370697021484], [83.6211166381836, 29.098661422729492], [83.62242889404297, 29.100379943847656], [83.62374114990234, 29.1009464263916], [83.62570190429688, 29.101797103881836], [83.62767028808594, 29.102659225463867], [83.62995910644531, 29.1035099029541], [83.63290405273438, 29.10407066345215], [83.63519287109375, 29.104923248291016], [83.6378173828125, 29.106340408325195], [83.6401138305664, 29.108049392700195], [83.64110565185547, 29.109479904174805], [83.64176940917969, 29.11206817626953], [83.6430892944336, 29.11406707763672], [83.64472198486328, 29.114063262939453], [83.64569091796875, 29.112337112426758], [83.64665985107422, 29.110034942626953], [83.64795684814453, 29.108020782470703], [83.64990997314453, 29.107149124145508], [83.6521987915039, 29.107421875], [83.65351104736328, 29.108564376831055], [83.65516662597656, 29.11113929748535], [83.65583038330078, 29.11343765258789], [83.65583801269531, 29.115161895751953], [83.65585327148438, 29.11745262145996], [83.65618896484375, 29.120031356811523], [83.65718078613281, 29.12175178527832], [83.65947723388672, 29.12289047241211], [83.66242218017578, 29.1231632232666], [83.66535949707031, 29.12343406677246], [83.66798400878906, 29.124284744262695], [83.6692886352539, 29.123703002929688], [83.67254638671875, 29.12226104736328], [83.67548370361328, 29.1219539642334], [83.67842864990234, 29.12222671508789], [83.6803970336914, 29.123655319213867], [83.68170928955078, 29.125085830688477], [83.68238067626953, 29.127084732055664], [83.68270874023438, 29.128238677978516], [83.68272399902344, 29.129953384399414], [83.68241119384766, 29.132543563842773], [83.68144226074219, 29.135414123535156], [83.68048095703125, 29.138004302978516], [83.67951202392578, 29.140586853027344], [83.67953491210938, 29.14374542236328], [83.67987060546875, 29.145177841186523], [83.68021392822266, 29.148622512817383], [83.67925262451172, 29.15150260925293], [83.6779556274414, 29.153228759765625], [83.67632293701172, 29.15437889099121], [83.67534637451172, 29.155248641967773], [83.67306518554688, 29.15612030029297], [83.67110443115234, 29.156414031982422], [83.66849517822266, 29.157575607299805], [83.66719055175781, 29.158445358276367], [83.66590118408203, 29.160747528076172], [83.66558074951172, 29.161895751953125], [83.66558837890625, 29.164186477661133], [83.66658782958984, 29.16762924194336], [83.6672592163086, 29.16963768005371], [83.66726684570312, 29.17193031311035], [83.6666259765625, 29.17394256591797], [83.66597747802734, 29.175090789794922], [83.66402435302734, 29.176250457763672], [83.6607666015625, 29.177989959716797]]]}}, {"type": "Feature", "id": 19, "properties": {"DISTRICT": "MANANG"}, "geometry": {"type": "Polygon", "coordinates": [[[84.22318267822266, 28.891633987426758], [84.2240219116211, 28.891496658325195], [84.22650146484375, 28.891136169433594], [84.22709655761719, 28.89104652404785], [84.2313461303711, 28.891042709350586], [84.23526763916016, 28.891611099243164], [84.2417984008789, 28.890743255615234], [84.24669647216797, 28.889589309692383], [84.24864959716797, 28.889585494995117], [84.25093841552734, 28.88958740234375], [84.25355529785156, 28.89044189453125], [84.25584411621094, 28.89215850830078], [84.25714874267578, 28.893592834472656], [84.25846099853516, 28.89502716064453], [84.26042175292969, 28.89588737487793], [84.26335906982422, 28.895883560180664], [84.26629638671875, 28.8950138092041], [84.26891326904297, 28.89386749267578], [84.27151489257812, 28.891565322875977], [84.27314758300781, 28.89012908935547], [84.2757568359375, 28.88811492919922], [84.27804565429688, 28.886384963989258], [84.28097534179688, 28.88465690612793], [84.2829360961914, 28.883216857910156], [84.28717803955078, 28.88092041015625], [84.28913116455078, 28.879480361938477], [84.292724609375, 28.87717056274414], [84.29434967041016, 28.876310348510742], [84.29598236083984, 28.8748722076416], [84.29794311523438, 28.873722076416016], [84.30022430419922, 28.87285614013672], [84.30316162109375, 28.871417999267578], [84.30577087402344, 28.87055015563965], [84.30707550048828, 28.870548248291016], [84.31360626220703, 28.869388580322266], [84.31719970703125, 28.868810653686523], [84.3194808959961, 28.86822509765625], [84.32144165039062, 28.86707305908203], [84.32274627685547, 28.86650276184082], [84.32405090332031, 28.865346908569336], [84.32502746582031, 28.864482879638672], [84.32698059082031, 28.863040924072266], [84.32828521728516, 28.862751007080078], [84.33123016357422, 28.863901138305664], [84.33319091796875, 28.865619659423828], [84.33417510986328, 28.86676597595215], [84.33842468261719, 28.86962890625], [84.34136962890625, 28.870769500732422], [84.34333038330078, 28.871051788330078], [84.34593963623047, 28.870471954345703], [84.34854888916016, 28.868457794189453], [84.350830078125, 28.86615562438965], [84.35179901123047, 28.864713668823242], [84.35408020019531, 28.861555099487305], [84.35603332519531, 28.85953712463379], [84.35799407958984, 28.85838508605957], [84.36223602294922, 28.85837745666504], [84.36615753173828, 28.85894203186035], [84.36876678466797, 28.85979461669922], [84.37171173095703, 28.860366821289062], [84.3756332397461, 28.860931396484375], [84.37857055664062, 28.86121368408203], [84.3818359375, 28.861204147338867], [84.38477325439453, 28.86119842529297], [84.3896713256836, 28.860897064208984], [84.39163208007812, 28.86060905456543], [84.39424133300781, 28.860029220581055], [84.39652252197266, 28.85944175720215], [84.3978271484375, 28.858871459960938], [84.40174102783203, 28.856565475463867], [84.40532684326172, 28.854829788208008], [84.4069595336914, 28.853389739990234], [84.40825653076172, 28.85108757019043], [84.40857696533203, 28.8485050201416], [84.40856170654297, 28.84563446044922], [84.40757751464844, 28.843053817749023], [84.4056167602539, 28.84162712097168], [84.40332794189453, 28.840192794799805], [84.40103149414062, 28.838760375976562], [84.39972686767578, 28.83675765991211], [84.39971160888672, 28.83388900756836], [84.40166473388672, 28.831581115722656], [84.40460205078125, 28.829851150512695], [84.40851593017578, 28.83013343811035], [84.41472625732422, 28.831552505493164], [84.4179916381836, 28.832120895385742], [84.42190551757812, 28.83095932006836], [84.42385864257812, 28.829227447509766], [84.42809295654297, 28.82663917541504], [84.43102264404297, 28.82461929321289], [84.4339599609375, 28.823457717895508], [84.43820190429688, 28.822301864624023], [84.43753814697266, 28.820295333862305], [84.43524932861328, 28.818572998046875], [84.43295288085938, 28.815994262695312], [84.43228912353516, 28.812841415405273], [84.43293762207031, 28.809967041015625], [84.4332504272461, 28.806238174438477], [84.43389129638672, 28.803363800048828], [84.43518829345703, 28.80078125], [84.43779754638672, 28.799331665039062], [84.44072723388672, 28.797889709472656], [84.44268035888672, 28.796735763549805], [84.44365692138672, 28.7952938079834], [84.44527435302734, 28.791561126708984], [84.44624328613281, 28.788114547729492], [84.44688415527344, 28.7855281829834], [84.44622039794922, 28.782367706298828], [84.444580078125, 28.780370712280273], [84.44261932373047, 28.777788162231445], [84.4413070678711, 28.77577781677246], [84.44031524658203, 28.772918701171875], [84.4412841796875, 28.769750595092773], [84.44388580322266, 28.768312454223633], [84.44682312011719, 28.767438888549805], [84.45008087158203, 28.76685905456543], [84.45333862304688, 28.765981674194336], [84.45594787597656, 28.764543533325195], [84.45756530761719, 28.761667251586914], [84.45853424072266, 28.758222579956055], [84.46015167236328, 28.75505828857422], [84.46177673339844, 28.75333023071289], [84.46405792236328, 28.752750396728516], [84.4676513671875, 28.752735137939453], [84.4715576171875, 28.75157356262207], [84.47286224365234, 28.75013542175293], [84.47579193115234, 28.748693466186523], [84.47840118408203, 28.74867820739746], [84.48165130615234, 28.74723243713379], [84.48360443115234, 28.744932174682617], [84.48490142822266, 28.743494033813477], [84.48652648925781, 28.74176597595215], [84.48782348632812, 28.740039825439453], [84.48944854736328, 28.738309860229492], [84.49042510986328, 28.73773193359375], [84.49368286132812, 28.73686408996582], [84.49301147460938, 28.731698989868164], [84.49071502685547, 28.729122161865234], [84.48809814453125, 28.725969314575195], [84.48677825927734, 28.723390579223633], [84.48709106445312, 28.71937370300293], [84.4893569946289, 28.71534538269043], [84.49227905273438, 28.71160125732422], [84.49520111083984, 28.707857131958008], [84.49681854248047, 28.70555877685547], [84.49844360351562, 28.703540802001953], [84.5016860961914, 28.700082778930664], [84.50494384765625, 28.69806671142578], [84.50787353515625, 28.69661521911621], [84.5124282836914, 28.695453643798828], [84.51634216308594, 28.694578170776367], [84.51959991455078, 28.69399642944336], [84.52220153808594, 28.692834854125977], [84.5238265991211, 28.69110679626465], [84.52217864990234, 28.687097549438477], [84.52021026611328, 28.68509292602539], [84.5188980102539, 28.682506561279297], [84.51757049560547, 28.67677116394043], [84.51820373535156, 28.673328399658203], [84.51917266845703, 28.6701602935791], [84.52046203613281, 28.668153762817383], [84.52241516113281, 28.6661319732666], [84.52566528320312, 28.663827896118164], [84.5279312133789, 28.661802291870117], [84.52955627441406, 28.65950584411621], [84.52889251708984, 28.656633377075195], [84.5262680053711, 28.6540584564209], [84.52528381347656, 28.652633666992188], [84.52820587158203, 28.649456024169922], [84.53113555908203, 28.648012161254883], [84.53373718261719, 28.646282196044922], [84.53633117675781, 28.64397430419922], [84.53697204589844, 28.642253875732422], [84.53761291503906, 28.63937759399414], [84.53890991210938, 28.636783599853516], [84.54344177246094, 28.63102912902832], [84.54570770263672, 28.627578735351562], [84.54569244384766, 28.625276565551758], [84.54469299316406, 28.620115280151367], [84.54435729980469, 28.61695098876953], [84.54434204101562, 28.613794326782227], [84.5446548461914, 28.61092185974121], [84.54496765136719, 28.60833740234375], [84.54560852050781, 28.605470657348633], [84.54689025878906, 28.601730346679688], [84.54817962646484, 28.59827995300293], [84.54914093017578, 28.594545364379883], [84.55042266845703, 28.590517044067383], [84.5513916015625, 28.587926864624023], [84.55235290527344, 28.584190368652344], [84.55265808105469, 28.580171585083008], [84.55296325683594, 28.57557487487793], [84.55294036865234, 28.57155990600586], [84.55325317382812, 28.568397521972656], [84.5535659790039, 28.565237045288086], [84.55387115478516, 28.56121826171875], [84.55418395996094, 28.558055877685547], [84.55547332763672, 28.55575180053711], [84.55774688720703, 28.554882049560547], [84.56002044677734, 28.55315399169922], [84.56261444091797, 28.55113410949707], [84.56292724609375, 28.54854965209961], [84.56259155273438, 28.545394897460938], [84.562255859375, 28.543386459350586], [84.56416320800781, 28.534757614135742], [84.5664291381836, 28.53159523010254], [84.56771850585938, 28.52843475341797], [84.56932830810547, 28.5252685546875], [84.57093811035156, 28.521814346313477], [84.57255554199219, 28.51865005493164], [84.57318878173828, 28.51634979248047], [84.5738296508789, 28.51347541809082], [84.573486328125, 28.509742736816406], [84.57249450683594, 28.507450103759766], [84.57085418701172, 28.504587173461914], [84.56986999511719, 28.50258445739746], [84.56953430175781, 28.500856399536133], [84.56949615478516, 28.492536544799805], [84.56980895996094, 28.490520477294922], [84.56980895996094, 28.4893741607666], [84.56914520263672, 28.487367630004883], [84.56619262695312, 28.482786178588867], [84.559326171875, 28.47563362121582], [84.55671691894531, 28.47391700744629], [84.55247497558594, 28.47106170654297], [84.5495376586914, 28.469926834106445], [84.54432678222656, 28.469661712646484], [84.54108428955078, 28.47110939025879], [84.53718566894531, 28.47140884399414], [84.53295135498047, 28.471431732177734], [84.52806854248047, 28.470584869384766], [84.52317810058594, 28.468591690063477], [84.5173110961914, 28.466320037841797], [84.51242065429688, 28.464614868164062], [84.50688171386719, 28.462329864501953], [84.50297546386719, 28.46120262145996], [84.49809265136719, 28.4609317779541], [84.49517059326172, 28.46179962158203], [84.4935531616211, 28.46352767944336], [84.49226379394531, 28.466400146484375], [84.490966796875, 28.468135833740234], [84.48674774169922, 28.47016143798828], [84.4831771850586, 28.47246742248535], [84.48058319091797, 28.475631713867188], [84.47929382324219, 28.478504180908203], [84.47735595703125, 28.482248306274414], [84.47314453125, 28.487430572509766], [84.4705581665039, 28.491172790527344], [84.46829223632812, 28.494911193847656], [84.46733093261719, 28.497499465942383], [84.46376037597656, 28.500951766967773], [84.46019744873047, 28.50354766845703], [84.457275390625, 28.505857467651367], [84.45467376708984, 28.50729751586914], [84.45077514648438, 28.508459091186523], [84.44654083251953, 28.509048461914062], [84.44264221191406, 28.50934410095215], [84.43905639648438, 28.509069442749023], [84.43547058105469, 28.507648468017578], [84.43155670166016, 28.50536346435547], [84.42927551269531, 28.502208709716797], [84.4269790649414, 28.49877166748047], [84.42501831054688, 28.495332717895508], [84.42304992675781, 28.491893768310547], [84.42173767089844, 28.488161087036133], [84.42041778564453, 28.4832820892334], [84.41942596435547, 28.47783088684082], [84.41810607910156, 28.473529815673828], [84.41548919677734, 28.469518661499023], [84.41287994384766, 28.46607780456543], [84.4089584350586, 28.462358474731445], [84.40602111816406, 28.459495544433594], [84.40145874023438, 28.45778465270996], [84.39852905273438, 28.456933975219727], [84.39332580566406, 28.456951141357422], [84.3894271850586, 28.458681106567383], [84.38520812988281, 28.46041488647461], [84.38228607177734, 28.46214485168457], [84.37870788574219, 28.464168548583984], [84.37545776367188, 28.46532440185547], [84.37286376953125, 28.46561622619629], [84.3676528930664, 28.463909149169922], [84.36569213867188, 28.4627628326416], [84.36309051513672, 28.46219825744629], [84.36048889160156, 28.461912155151367], [84.3578872680664, 28.46278190612793], [84.3536605834961, 28.464513778686523], [84.34976196289062, 28.465673446655273], [84.34651184082031, 28.466827392578125], [84.34066009521484, 28.467994689941406], [84.33806610107422, 28.4697208404541], [84.33578491210938, 28.470876693725586], [84.3318862915039, 28.473182678222656], [84.32929229736328, 28.474618911743164], [84.32539367675781, 28.477502822875977], [84.32182312011719, 28.481239318847656], [84.3185806274414, 28.48469352722168], [84.3143539428711, 28.48642349243164], [84.30979919433594, 28.487010955810547], [84.30491638183594, 28.4864444732666], [84.30198669433594, 28.485872268676758], [84.29776000976562, 28.48473358154297], [84.29483032226562, 28.4838809967041], [84.2899398803711, 28.482168197631836], [84.28831481933594, 28.48102569580078], [84.28602600097656, 28.477867126464844], [84.28407287597656, 28.475284576416016], [84.28276824951172, 28.47357177734375], [84.28178405761719, 28.472423553466797], [84.28048706054688, 28.470991134643555], [84.27106475830078, 28.477893829345703], [84.26488494873047, 28.480493545532227], [84.26325988769531, 28.480207443237305], [84.26033020019531, 28.47963523864746], [84.25577545166016, 28.479074478149414], [84.25154876708984, 28.47907829284668], [84.24698638916016, 28.47908592224121], [84.24341583251953, 28.47938346862793], [84.23950958251953, 28.479673385620117], [84.23430633544922, 28.47939682006836], [84.23137664794922, 28.479400634765625], [84.22909545898438, 28.479398727416992], [84.2251968383789, 28.479976654052734], [84.2229232788086, 28.48084259033203], [84.21934509277344, 28.483150482177734], [84.21609497070312, 28.484302520751953], [84.21218872070312, 28.484880447387695], [84.20925903320312, 28.48546028137207], [84.2047119140625, 28.486324310302734], [84.20243072509766, 28.48661994934082], [84.19950103759766, 28.48748016357422], [84.1968994140625, 28.488346099853516], [84.19528198242188, 28.490928649902344], [84.19398498535156, 28.494375228881836], [84.19268798828125, 28.497533798217773], [84.1910629272461, 28.501848220825195], [84.18976593017578, 28.50385093688965], [84.18716430664062, 28.506729125976562], [84.18358612060547, 28.50788116455078], [84.17935943603516, 28.508750915527344], [84.1748046875, 28.50990104675293], [84.17154693603516, 28.51076316833496], [84.1689453125, 28.511629104614258], [84.16439056396484, 28.5130672454834], [84.16211700439453, 28.514507293701172], [84.15951538085938, 28.516807556152344], [84.15658569335938, 28.519968032836914], [84.15496063232422, 28.522838592529297], [84.15269470214844, 28.52599334716797], [84.1504135131836, 28.529157638549805], [84.14585876464844, 28.532896041870117], [84.14456176757812, 28.534618377685547], [84.14196014404297, 28.53691864013672], [84.14033508300781, 28.537776947021484], [84.13740539550781, 28.538066864013672], [84.13284301757812, 28.536636352539062], [84.13088989257812, 28.53577423095703], [84.12763977050781, 28.53548812866211], [84.12373352050781, 28.53606414794922], [84.11949920654297, 28.53721809387207], [84.11722564697266, 28.537792205810547], [84.11396789550781, 28.537796020507812], [84.10908508300781, 28.537799835205078], [84.10680389404297, 28.537796020507812], [84.10224914550781, 28.537799835205078], [84.09769439697266, 28.53780174255371], [84.09281158447266, 28.53809356689453], [84.08760070800781, 28.539243698120117], [84.08467102050781, 28.541255950927734], [84.0823974609375, 28.543264389038086], [84.08011627197266, 28.54470443725586], [84.07784271240234, 28.547569274902344], [84.0755615234375, 28.54987335205078], [84.07198333740234, 28.553314208984375], [84.0697021484375, 28.556188583374023], [84.0677490234375, 28.55819320678711], [84.0648193359375, 28.56106185913086], [84.06156158447266, 28.563364028930664], [84.0589599609375, 28.564228057861328], [84.0570068359375, 28.56479835510254], [84.0511474609375, 28.565664291381836], [84.04788970947266, 28.5665225982666], [84.04593658447266, 28.566814422607422], [84.0413818359375, 28.568817138671875], [84.03779602050781, 28.570253372192383], [84.03486633300781, 28.572263717651367], [84.03258514404297, 28.57398223876953], [84.02998352050781, 28.57628059387207], [84.02639770507812, 28.579729080200195], [84.02444458007812, 28.581453323364258], [84.02216339111328, 28.583459854125977], [84.01956176757812, 28.58460235595703], [84.01728057861328, 28.586040496826172], [84.01337432861328, 28.58632469177246], [84.0097885131836, 28.58661651611328], [84.0058822631836, 28.58575439453125], [83.99969482421875, 28.585752487182617], [83.9941635131836, 28.587759017944336], [83.9915542602539, 28.590055465698242], [83.98829650878906, 28.5935001373291], [83.98471069335938, 28.596939086914062], [83.98080444335938, 28.600379943847656], [83.9765625, 28.60267448425293], [83.970703125, 28.60410499572754], [83.96614837646484, 28.604101181030273], [83.96158599853516, 28.603818893432617], [83.95670318603516, 28.603240966796875], [83.95311737060547, 28.602375030517578], [83.94791412353516, 28.60123062133789], [83.94172668457031, 28.600936889648438], [83.93814086914062, 28.602083206176758], [83.93455505371094, 28.603796005249023], [83.93096923828125, 28.604942321777344], [83.92706298828125, 28.60637855529785], [83.92250061035156, 28.60666275024414], [83.91827392578125, 28.606367111206055], [83.91371154785156, 28.60636329650879], [83.90850067138672, 28.606361389160156], [83.90491485595703, 28.606639862060547], [83.90100860595703, 28.606929779052734], [83.89579772949219, 28.607784271240234], [83.8922119140625, 28.608640670776367], [83.88765716552734, 28.60978126525879], [83.88471984863281, 28.610931396484375], [83.88243865966797, 28.612070083618164], [83.87950897216797, 28.61349868774414], [83.8752670288086, 28.615503311157227], [83.8746109008789, 28.618085861206055], [83.8736343383789, 28.620101928710938], [83.87330627441406, 28.62152862548828], [83.87265014648438, 28.62296485900879], [83.87166595458984, 28.624683380126953], [83.86970520019531, 28.628129959106445], [83.86872863769531, 28.63042449951172], [83.8670883178711, 28.63414764404297], [83.8654556274414, 28.636735916137695], [83.86349487304688, 28.639314651489258], [83.86154174804688, 28.64189338684082], [83.85990142822266, 28.643903732299805], [83.85794830322266, 28.646772384643555], [83.85631561279297, 28.64906120300293], [83.85369873046875, 28.65135383605957], [83.85076141357422, 28.654794692993164], [83.84945678710938, 28.65593719482422], [83.84782409667969, 28.65736961364746], [83.84521484375, 28.660240173339844], [83.84325408935547, 28.662240982055664], [83.8409652709961, 28.66482162475586], [83.8383560180664, 28.667404174804688], [83.83573913574219, 28.669984817504883], [83.83280181884766, 28.671703338623047], [83.8311767578125, 28.6728458404541], [83.82693481445312, 28.675416946411133], [83.8249740600586, 28.67656135559082], [83.82040405273438, 28.679141998291016], [83.81746673583984, 28.6811466217041], [83.81388092041016, 28.68256950378418], [83.80572509765625, 28.686290740966797], [83.80311584472656, 28.687429428100586], [83.79887390136719, 28.688861846923828], [83.79560852050781, 28.690290451049805], [83.79332733154297, 28.692293167114258], [83.7939682006836, 28.69430160522461], [83.7949447631836, 28.695741653442383], [83.7978744506836, 28.698326110839844], [83.80079650878906, 28.701200485229492], [83.80372619628906, 28.70379638671875], [83.80730438232422, 28.706378936767578], [83.81153106689453, 28.709257125854492], [83.81413269042969, 28.711275100708008], [83.81771850585938, 28.71356964111328], [83.82162475585938, 28.715591430664062], [83.82455444335938, 28.717031478881836], [83.82813262939453, 28.717891693115234], [83.83204650878906, 28.71904754638672], [83.83432006835938, 28.721057891845703], [83.83757781982422, 28.723651885986328], [83.84148406982422, 28.726240158081055], [83.84539031982422, 28.72739601135254], [83.8506088256836, 28.727401733398438], [83.85386657714844, 28.726547241210938], [83.85713195800781, 28.725975036621094], [83.86006927490234, 28.725112915039062], [83.86528778076172, 28.723981857299805], [83.86788940429688, 28.724267959594727], [83.87081909179688, 28.72628402709961], [83.87440490722656, 28.728864669799805], [83.87635803222656, 28.7305965423584], [83.87863159179688, 28.733463287353516], [83.88123321533203, 28.73662567138672], [83.88384246826172, 28.73835563659668], [83.88710021972656, 28.740360260009766], [83.88970184326172, 28.74237823486328], [83.8923110961914, 28.744096755981445], [83.8942642211914, 28.746109008789062], [83.89556121826172, 28.748411178588867], [83.89718627929688, 28.752426147460938], [83.89750671386719, 28.75358009338379], [83.89783477783203, 28.75615882873535], [83.89799499511719, 28.757165908813477], [83.89812469482422, 28.75741195678711], [83.8990707397461, 28.760154724121094], [83.90007019042969, 28.761085510253906], [83.90104675292969, 28.762920379638672], [83.90103149414062, 28.76337242126465], [83.90199279785156, 28.765661239624023], [83.9019546508789, 28.76702117919922], [83.90245819091797, 28.767484664916992], [83.90296173095703, 28.7679500579834], [83.9034423828125, 28.768869400024414], [83.9049072265625, 28.771623611450195], [83.90489196777344, 28.772075653076172], [83.9058837890625, 28.77345848083496], [83.90787506103516, 28.77577018737793], [83.90836334228516, 28.77613639831543], [83.90921020507812, 28.776552200317383], [83.91214752197266, 28.77741241455078], [83.91573333740234, 28.77770233154297], [83.91867065429688, 28.77799415588379], [83.9225845336914, 28.778282165527344], [83.92649841308594, 28.778579711914062], [83.93236541748047, 28.780588150024414], [83.93464660644531, 28.7825984954834], [83.93757629394531, 28.78519058227539], [83.93985748291016, 28.786911010742188], [83.94246673583984, 28.789783477783203], [83.944091796875, 28.7923641204834], [83.94539642333984, 28.795812606811523], [83.94636535644531, 28.79868507385254], [83.94636535644531, 28.801841735839844], [83.94538116455078, 28.80528450012207], [83.94439697265625, 28.808156967163086], [83.94276428222656, 28.811023712158203], [83.94210815429688, 28.813886642456055], [83.94242858886719, 28.81647491455078], [83.94373321533203, 28.819345474243164], [83.94339752197266, 28.822792053222656], [83.94339752197266, 28.82479476928711], [83.94437408447266, 28.827098846435547], [83.94599914550781, 28.82882308959961], [83.94893646240234, 28.83053970336914], [83.95220184326172, 28.831985473632812], [83.95545959472656, 28.83255386352539], [83.95970153808594, 28.83198356628418], [83.96263885498047, 28.83112907409668], [83.96525573730469, 28.829978942871094], [83.96852111816406, 28.827978134155273], [83.97211456298828, 28.82740020751953], [83.97570037841797, 28.827407836914062], [83.97994232177734, 28.82769203186035], [83.98255920410156, 28.825973510742188], [83.98419189453125, 28.822818756103516], [83.98973846435547, 28.820812225341797], [83.99333190917969, 28.81852149963379], [83.99626922607422, 28.815935134887695], [83.9985580444336, 28.813350677490234], [83.99986267089844, 28.81106185913086], [84.00737762451172, 28.804174423217773], [84.0106430053711, 28.80216407775879], [84.01618957519531, 28.801013946533203], [84.02043151855469, 28.800729751586914], [84.02368927001953, 28.80217170715332], [84.02565002441406, 28.804750442504883], [84.02825164794922, 28.808198928833008], [84.0315170288086, 28.810779571533203], [84.03575897216797, 28.813074111938477], [84.03934478759766, 28.815082550048828], [84.04391479492188, 28.817384719848633], [84.0468521118164, 28.819677352905273], [84.04815673828125, 28.821977615356445], [84.0494613647461, 28.826570510864258], [84.05010986328125, 28.830591201782227], [84.05108642578125, 28.834030151367188], [84.05402374267578, 28.838335037231445], [84.05500030517578, 28.839773178100586], [84.05826568603516, 28.841205596923828], [84.06250762939453, 28.84120750427246], [84.06544494628906, 28.84063148498535], [84.07001495361328, 28.840343475341797], [84.07164764404297, 28.840343475341797], [84.07621765136719, 28.842641830444336], [84.0788345336914, 28.84493637084961], [84.08111572265625, 28.847232818603516], [84.08405303955078, 28.849245071411133], [84.08666229248047, 28.85297203063965], [84.08731842041016, 28.85498046875], [84.08796691894531, 28.858999252319336], [84.08797454833984, 28.861867904663086], [84.08796691894531, 28.865602493286133], [84.08829498291016, 28.86846923828125], [84.08927917480469, 28.87162971496582], [84.09123992919922, 28.875072479248047], [84.09352111816406, 28.877944946289062], [84.09613037109375, 28.881961822509766], [84.09809112548828, 28.884260177612305], [84.1007080078125, 28.88626480102539], [84.10430145263672, 28.88654899597168], [84.10626220703125, 28.886266708374023], [84.11017608642578, 28.88482666015625], [84.11030578613281, 28.884756088256836], [84.11328887939453, 28.884601593017578], [84.11381530761719, 28.884159088134766], [84.11688995361328, 28.884679794311523], [84.11946868896484, 28.884733200073242], [84.12256622314453, 28.884347915649414], [84.12358093261719, 28.884822845458984], [84.12664794921875, 28.885793685913086], [84.1297607421875, 28.88495445251465], [84.13594055175781, 28.885086059570312], [84.13711547851562, 28.884702682495117], [84.139892578125, 28.881364822387695], [84.14250183105469, 28.879074096679688], [84.1451187133789, 28.87763214111328], [84.14903259277344, 28.876768112182617], [84.15262603759766, 28.875905990600586], [84.15523529052734, 28.874752044677734], [84.15784454345703, 28.873031616210938], [84.1611099243164, 28.873027801513672], [84.16438293457031, 28.87618064880371], [84.16764831542969, 28.879623413085938], [84.1702651977539, 28.883071899414062], [84.17353057861328, 28.886512756347656], [84.1761474609375, 28.88966178894043], [84.17974090576172, 28.893390655517578], [84.18301391601562, 28.896554946899414], [84.18660736083984, 28.897981643676758], [84.19020080566406, 28.8985538482666], [84.1931381225586, 28.898839950561523], [84.19640350341797, 28.898548126220703], [84.20098114013672, 28.897966384887695], [84.2061996459961, 28.8971004486084], [84.20816040039062, 28.89681625366211], [84.21109771728516, 28.89594841003418], [84.21501922607422, 28.895082473754883], [84.21958923339844, 28.89306640625], [84.22318267822266, 28.891633987426758]]]}}, {"type": "Feature", "id": 20, "properties": {"DISTRICT": "MYAGDI"}, "geometry": {"type": "Polygon", "coordinates": [[[83.4901351928711, 28.789823532104492], [83.49665069580078, 28.79037094116211], [83.50284576416016, 28.79149627685547], [83.50675201416016, 28.79176902770996], [83.509033203125, 28.791187286376953], [83.51390838623047, 28.78915786743164], [83.51618194580078, 28.788000106811523], [83.51910400390625, 28.786272048950195], [83.5217056274414, 28.785112380981445], [83.52560424804688, 28.78337287902832], [83.52853393554688, 28.78221321105957], [83.53015899658203, 28.781633377075195], [83.53341674804688, 28.780759811401367], [83.53536224365234, 28.780179977416992], [83.5408935546875, 28.7784366607666], [83.54544830322266, 28.777273178100586], [83.54967498779297, 28.775819778442383], [83.55260467529297, 28.774948120117188], [83.55552673339844, 28.774076461791992], [83.5584487915039, 28.771770477294922], [83.56005859375, 28.76803207397461], [83.56102752685547, 28.765729904174805], [83.56134033203125, 28.763429641723633], [83.5606689453125, 28.75970458984375], [83.56000518798828, 28.75740623474121], [83.55967712402344, 28.756261825561523], [83.55998992919922, 28.75482749938965], [83.56095886230469, 28.753103256225586], [83.56322479248047, 28.749652862548828], [83.56385803222656, 28.74706268310547], [83.56319427490234, 28.74419593811035], [83.56188201904297, 28.74219512939453], [83.5599136352539, 28.73933219909668], [83.55795288085938, 28.737045288085938], [83.55597686767578, 28.733604431152344], [83.55433654785156, 28.731027603149414], [83.55302429199219, 28.728740692138672], [83.55171203613281, 28.726163864135742], [83.55039978027344, 28.723875045776367], [83.54843139648438, 28.721010208129883], [83.54679107666016, 28.719013214111328], [83.54515075683594, 28.716148376464844], [83.54415893554688, 28.71356964111328], [83.5428466796875, 28.711273193359375], [83.54219055175781, 28.70956039428711], [83.5405502319336, 28.70640754699707], [83.53987884521484, 28.703540802001953], [83.53888702392578, 28.700096130371094], [83.53790283203125, 28.69780731201172], [83.5362548828125, 28.69465446472168], [83.53559875488281, 28.693222045898438], [83.5349349975586, 28.689786911010742], [83.53491973876953, 28.68748664855957], [83.535888671875, 28.685474395751953], [83.53718566894531, 28.683748245239258], [83.53814697265625, 28.68116569519043], [83.54008483886719, 28.677995681762695], [83.54137420654297, 28.675125122070312], [83.54232788085938, 28.67167854309082], [83.54328918457031, 28.668230056762695], [83.5439224243164, 28.664783477783203], [83.54488372802734, 28.66190528869629], [83.54584503173828, 28.658456802368164], [83.54745483398438, 28.65558433532715], [83.54971313476562, 28.65213394165039], [83.55133819580078, 28.65068817138672], [83.55360412597656, 28.64952850341797], [83.55718231201172, 28.64865493774414], [83.55879974365234, 28.647785186767578], [83.5614013671875, 28.646345138549805], [83.56301879882812, 28.6448974609375], [83.56398010253906, 28.64288330078125], [83.56591033935547, 28.63800048828125], [83.56654357910156, 28.634552001953125], [83.56718444824219, 28.632251739501953], [83.56781005859375, 28.628812789916992], [83.56845092773438, 28.626222610473633], [83.56842803955078, 28.622777938842773], [83.56776428222656, 28.61962127685547], [83.56775665283203, 28.617618560791016], [83.56773376464844, 28.6138858795166], [83.56837463378906, 28.611583709716797], [83.56900787353516, 28.6090030670166], [83.5699691772461, 28.606122970581055], [83.57061767578125, 28.605552673339844], [83.57221984863281, 28.60066032409668], [83.57382202148438, 28.59693145751953], [83.57511138916016, 28.594051361083984], [83.57672119140625, 28.59145736694336], [83.57833862304688, 28.589153289794922], [83.58092498779297, 28.586566925048828], [83.58318328857422, 28.583972930908203], [83.58643341064453, 28.58281135559082], [83.58968353271484, 28.583938598632812], [83.59099578857422, 28.585081100463867], [83.59327697753906, 28.586509704589844], [83.5962142944336, 28.588214874267578], [83.59979248046875, 28.588485717773438], [83.60206604003906, 28.587902069091797], [83.60985565185547, 28.5855712890625], [83.6134262084961, 28.584407806396484], [83.61861419677734, 28.582950592041016], [83.62120819091797, 28.581499099731445], [83.62542724609375, 28.58004379272461], [83.62931823730469, 28.57830047607422], [83.63288879394531, 28.577713012695312], [83.63646697998047, 28.577693939208984], [83.64037322998047, 28.57796287536621], [83.64330291748047, 28.578811645507812], [83.64460754394531, 28.579383850097656], [83.64753723144531, 28.580223083496094], [83.64948272705078, 28.579360961914062], [83.6501235961914, 28.578203201293945], [83.65011596679688, 28.576480865478516], [83.65204620361328, 28.573028564453125], [83.65594482421875, 28.573007583618164], [83.6595230102539, 28.57327651977539], [83.6644058227539, 28.574398040771484], [83.6673355102539, 28.574678421020508], [83.67059326171875, 28.575515747070312], [83.6738510131836, 28.57636260986328], [83.67776489257812, 28.57863998413086], [83.67940521240234, 28.580638885498047], [83.68104553222656, 28.584077835083008], [83.68204498291016, 28.58723258972168], [83.68270874023438, 28.589521408081055], [83.68338012695312, 28.592388153076172], [83.68405151367188, 28.5958309173584], [83.68536376953125, 28.598407745361328], [83.68669128417969, 28.601839065551758], [83.6873550415039, 28.604705810546875], [83.68770599365234, 28.60786247253418], [83.68869018554688, 28.60987091064453], [83.69097900390625, 28.61128807067871], [83.6942367553711, 28.612422943115234], [83.69651794433594, 28.61327362060547], [83.69847869873047, 28.614700317382812], [83.700439453125, 28.61640739440918], [83.70142364501953, 28.617839813232422], [83.70274353027344, 28.619836807250977], [83.70406341552734, 28.62270164489746], [83.70537567138672, 28.624998092651367], [83.70669555664062, 28.627573013305664], [83.70801544189453, 28.630435943603516], [83.70933532714844, 28.633581161499023], [83.71098327636719, 28.63673210144043], [83.71229553222656, 28.638450622558594], [83.71360778808594, 28.640159606933594], [83.71524810791016, 28.642166137695312], [83.71721649169922, 28.645307540893555], [83.71885681152344, 28.647024154663086], [83.72114562988281, 28.649019241333008], [83.72441101074219, 28.65015411376953], [83.72636413574219, 28.651004791259766], [83.72865295410156, 28.651853561401367], [83.7309341430664, 28.652692794799805], [83.73191833496094, 28.65384292602539], [83.73290252685547, 28.65584373474121], [83.73357391357422, 28.65842056274414], [83.73326110839844, 28.660432815551758], [83.73230743408203, 28.663305282592773], [83.73265075683594, 28.666461944580078], [83.733642578125, 28.668758392333984], [83.7359390258789, 28.67104148864746], [83.73822784423828, 28.67245864868164], [83.74051666259766, 28.67417335510254], [83.74182891845703, 28.67646026611328], [83.74185180664062, 28.679039001464844], [83.74186706542969, 28.68134117126465], [83.74285888671875, 28.683916091918945], [83.74449920654297, 28.68563461303711], [83.7464599609375, 28.687339782714844], [83.74906921386719, 28.687898635864258], [83.75102233886719, 28.68789291381836], [83.75362396240234, 28.687585830688477], [83.76240539550781, 28.686965942382812], [83.76566314697266, 28.68694496154785], [83.76859283447266, 28.686933517456055], [83.7728271484375, 28.68776512145996], [83.77510833740234, 28.688323974609375], [83.77869415283203, 28.689167022705078], [83.7819595336914, 28.69029998779297], [83.78489685058594, 28.69085693359375], [83.78782653808594, 28.691125869750977], [83.7894515991211, 28.691118240356445], [83.79173278808594, 28.691389083862305], [83.79332733154297, 28.692293167114258], [83.79560852050781, 28.690290451049805], [83.79887390136719, 28.688861846923828], [83.80311584472656, 28.687429428100586], [83.80572509765625, 28.686290740966797], [83.81388092041016, 28.68256950378418], [83.81746673583984, 28.6811466217041], [83.82040405273438, 28.679141998291016], [83.8249740600586, 28.67656135559082], [83.82693481445312, 28.675416946411133], [83.8311767578125, 28.6728458404541], [83.83280181884766, 28.671703338623047], [83.83573913574219, 28.669984817504883], [83.8383560180664, 28.667404174804688], [83.8409652709961, 28.66482162475586], [83.84325408935547, 28.662240982055664], [83.84521484375, 28.660240173339844], [83.84782409667969, 28.65736961364746], [83.84945678710938, 28.65593719482422], [83.85076141357422, 28.654794692993164], [83.85369873046875, 28.65135383605957], [83.85631561279297, 28.64906120300293], [83.85794830322266, 28.646772384643555], [83.85990142822266, 28.643903732299805], [83.86154174804688, 28.64189338684082], [83.86349487304688, 28.639314651489258], [83.8654556274414, 28.636735916137695], [83.8670883178711, 28.63414764404297], [83.86872863769531, 28.63042449951172], [83.86970520019531, 28.628129959106445], [83.87166595458984, 28.624683380126953], [83.87265014648438, 28.62296485900879], [83.87330627441406, 28.62152862548828], [83.8736343383789, 28.620101928710938], [83.8746109008789, 28.618085861206055], [83.8752670288086, 28.615503311157227], [83.86778259277344, 28.613201141357422], [83.86062622070312, 28.609752655029297], [83.85607147216797, 28.608312606811523], [83.85216522216797, 28.60715675354004], [83.84858703613281, 28.605432510375977], [83.84468078613281, 28.603988647460938], [83.84110260009766, 28.601974487304688], [83.83589935302734, 28.59967041015625], [83.83199310302734, 28.599092483520508], [83.82711029052734, 28.597074508666992], [83.82321166992188, 28.595062255859375], [83.81930541992188, 28.59332847595215], [83.8144302368164, 28.5904541015625], [83.8102035522461, 28.58728790283203], [83.80792999267578, 28.584699630737305], [83.80598449707031, 28.581830978393555], [83.80501556396484, 28.578102111816406], [83.80470275878906, 28.57379150390625], [83.8056869506836, 28.570350646972656], [83.80764770507812, 28.56633758544922], [83.8099365234375, 28.56289291381836], [83.81352233886719, 28.55974769592285], [83.81678771972656, 28.556884765625], [83.82102966308594, 28.553159713745117], [83.82395935058594, 28.550865173339844], [83.82689666748047, 28.548290252685547], [83.82852935791016, 28.545703887939453], [83.83049011230469, 28.54197883605957], [83.83147430419922, 28.538827896118164], [83.83147430419922, 28.53594970703125], [83.8308334350586, 28.531930923461914], [83.82921600341797, 28.529348373413086], [83.82694244384766, 28.527050018310547], [83.82304382324219, 28.523313522338867], [83.82044219970703, 28.521873474121094], [83.81752014160156, 28.51985740661621], [83.8145980834961, 28.518705368041992], [83.8106918334961, 28.518415451049805], [83.8077621459961, 28.518409729003906], [83.80484008789062, 28.51783561706543], [83.80126190185547, 28.516101837158203], [83.79801940917969, 28.512939453125], [83.79639434814453, 28.510068893432617], [83.7947769165039, 28.507198333740234], [83.78990936279297, 28.50173568725586], [83.78731536865234, 28.499147415161133], [83.7853775024414, 28.495412826538086], [83.78375244140625, 28.492542266845703], [83.78116607666016, 28.48823356628418], [83.78019714355469, 28.485937118530273], [83.77857971191406, 28.482200622558594], [83.7756576538086, 28.4796142578125], [83.77143096923828, 28.47759246826172], [83.76786041259766, 28.476722717285156], [83.76461029052734, 28.476150512695312], [83.76006317138672, 28.47441864013672], [83.7564926147461, 28.471826553344727], [83.75486755371094, 28.4692440032959], [83.75325775146484, 28.464929580688477], [83.75293731689453, 28.462350845336914], [83.75165557861328, 28.45661163330078], [83.75069427490234, 28.452592849731445], [83.74907684326172, 28.44914436340332], [83.7474594116211, 28.445119857788086], [83.74552154541016, 28.442249298095703], [83.74325561523438, 28.439083099365234], [83.74163818359375, 28.435924530029297], [83.73970031738281, 28.43161964416504], [83.73873138427734, 28.42816925048828], [83.73809051513672, 28.425016403198242], [83.7384262084961, 28.421001434326172], [83.73941802978516, 28.416118621826172], [83.74040985107422, 28.41153335571289], [83.74041748046875, 28.40751075744629], [83.73977661132812, 28.40493392944336], [83.73783874511719, 28.40062141418457], [83.73556518554688, 28.398897171020508], [83.7323226928711, 28.39716911315918], [83.72712707519531, 28.39629554748535], [83.72322845458984, 28.396282196044922], [83.719970703125, 28.397422790527344], [83.71607208251953, 28.398853302001953], [83.71151733398438, 28.40027618408203], [83.70858764648438, 28.401702880859375], [83.70599365234375, 28.400548934936523], [83.70475006103516, 28.39993667602539], [83.7032470703125, 28.400264739990234], [83.70032501220703, 28.400564193725586], [83.69902801513672, 28.40028953552246], [83.69805145263672, 28.40000343322754], [83.69609832763672, 28.399442672729492], [83.69316864013672, 28.39801788330078], [83.69088745117188, 28.396312713623047], [83.68892669677734, 28.394315719604492], [83.68695831298828, 28.39087677001953], [83.68563842773438, 28.387733459472656], [83.68464660644531, 28.384868621826172], [83.68299865722656, 28.380849838256836], [83.68167877197266, 28.377994537353516], [83.6806869506836, 28.374841690063477], [83.67969512939453, 28.372264862060547], [83.67870330810547, 28.36996841430664], [83.6773910522461, 28.3676815032959], [83.67640686035156, 28.365392684936523], [83.67574310302734, 28.363384246826172], [83.67443084716797, 28.361385345458984], [83.6731185913086, 28.358810424804688], [83.67147827148438, 28.356515884399414], [83.670166015625, 28.353939056396484], [83.66853332519531, 28.35194206237793], [83.66690063476562, 28.3502254486084], [83.66429138183594, 28.348520278930664], [83.66233825683594, 28.347379684448242], [83.66071319580078, 28.346529006958008], [83.65811920166016, 28.346826553344727], [83.65520477294922, 28.347702026367188], [83.65293884277344, 28.349151611328125], [83.65068054199219, 28.350313186645508], [83.64874267578125, 28.351755142211914], [83.646484375, 28.353782653808594], [83.64326477050781, 28.358673095703125], [83.64198303222656, 28.36039924621582], [83.64070129394531, 28.362993240356445], [83.63909149169922, 28.36558723449707], [83.63716125488281, 28.36789321899414], [83.63619232177734, 28.369041442871094], [83.6352310180664, 28.370479583740234], [83.63297271728516, 28.372507095336914], [83.63103485107422, 28.374235153198242], [83.6278076171875, 28.377979278564453], [83.62716674804688, 28.378559112548828], [83.62620544433594, 28.380285263061523], [83.62459564208984, 28.382301330566406], [83.62232208251953, 28.382884979248047], [83.61907958984375, 28.382904052734375], [83.61680603027344, 28.382343292236328], [83.61258697509766, 28.3820743560791], [83.6109619140625, 28.382080078125], [83.60901641845703, 28.382951736450195], [83.6070785522461, 28.38382339477539], [83.60448455810547, 28.384984970092773], [83.6025390625, 28.384990692138672], [83.60027313232422, 28.385286331176758], [83.5989761352539, 28.385297775268555], [83.5947494506836, 28.38445281982422], [83.5921401977539, 28.382457733154297], [83.59117126464844, 28.382171630859375], [83.5901870727539, 28.381317138671875], [83.58856201171875, 28.380464553833008], [83.5872573852539, 28.37961196899414], [83.58595275878906, 28.378469467163086], [83.58497619628906, 28.37789535522461], [83.5813980102539, 28.375333786010742], [83.5742416381836, 28.37220573425293], [83.57260131835938, 28.36962890625], [83.572265625, 28.36762809753418], [83.57160949707031, 28.365617752075195], [83.5709457397461, 28.362751007080078], [83.57061004638672, 28.36160659790039], [83.57060241699219, 28.35930633544922], [83.57058715820312, 28.357303619384766], [83.5705795288086, 28.35529327392578], [83.57152557373047, 28.350122451782227], [83.57308959960938, 28.339492797851562], [83.57534790039062, 28.3377628326416], [83.5772933959961, 28.337757110595703], [83.57923126220703, 28.336597442626953], [83.58084869384766, 28.33572769165039], [83.58213806152344, 28.33428955078125], [83.58503723144531, 28.330537796020508], [83.5927963256836, 28.325916290283203], [83.59440612792969, 28.32390022277832], [83.59504699707031, 28.323322296142578], [83.59601593017578, 28.321884155273438], [83.59730529785156, 28.320438385009766], [83.59891510009766, 28.318710327148438], [83.60020446777344, 28.31755256652832], [83.60149383544922, 28.31611442565918], [83.602783203125, 28.31438636779785], [83.60407257080078, 28.312660217285156], [83.60438537597656, 28.311504364013672], [83.60501861572266, 28.308923721313477], [83.60533905029297, 28.307777404785156], [83.60597229003906, 28.305763244628906], [83.60628509521484, 28.30375099182129], [83.60691833496094, 28.301448822021484], [83.60625457763672, 28.298294067382812], [83.60398864746094, 28.298309326171875], [83.60269165039062, 28.298891067504883], [83.60075378417969, 28.299762725830078], [83.59977722167969, 28.300052642822266], [83.5984878540039, 28.300914764404297], [83.59719848632812, 28.30178451538086], [83.59590148925781, 28.302654266357422], [83.59332275390625, 28.304672241210938], [83.59073638916016, 28.306690216064453], [83.58912658691406, 28.30756187438965], [83.58686065673828, 28.3087215423584], [83.58427429199219, 28.309885025024414], [83.58297729492188, 28.310176849365234], [83.58135986328125, 28.311046600341797], [83.58007049560547, 28.311906814575195], [83.578125, 28.31277847290039], [83.57683563232422, 28.3133602142334], [83.5742416381836, 28.314231872558594], [83.57295227050781, 28.314523696899414], [83.5706787109375, 28.315107345581055], [83.56906127929688, 28.315689086914062], [83.5667953491211, 28.315704345703125], [83.56517028808594, 28.315998077392578], [83.56355285644531, 28.316001892089844], [83.562255859375, 28.31601333618164], [83.56063079833984, 28.316017150878906], [83.55933380126953, 28.315732955932617], [83.5567398071289, 28.315460205078125], [83.5544662475586, 28.315185546875], [83.55252075195312, 28.31462287902832], [83.55121612548828, 28.31376075744629], [83.54991912841797, 28.313194274902344], [83.54764556884766, 28.31234359741211], [83.54503631591797, 28.310348510742188], [83.54276275634766, 28.30891990661621], [83.54178619384766, 28.30864143371582], [83.53984069824219, 28.30864715576172], [83.53789520263672, 28.308940887451172], [83.53660583496094, 28.309520721435547], [83.53369140625, 28.311538696289062], [83.5320816040039, 28.312986373901367], [83.5307846069336, 28.313854217529297], [83.52722930908203, 28.31558609008789], [83.52399444580078, 28.316747665405273], [83.52010345458984, 28.316476821899414], [83.51686096191406, 28.31707191467285], [83.51297760009766, 28.318801879882812], [83.51039123535156, 28.320539474487305], [83.50780487060547, 28.321979522705078], [83.50457000732422, 28.323719024658203], [83.5029525756836, 28.32372283935547], [83.49808502197266, 28.323741912841797], [83.49354553222656, 28.323192596435547], [83.49095153808594, 28.322908401489258], [83.486083984375, 28.322649002075195], [83.48284149169922, 28.32294273376465], [83.47991943359375, 28.323246002197266], [83.47473907470703, 28.324411392211914], [83.4721450805664, 28.324705123901367], [83.4708480834961, 28.324996948242188], [83.46663665771484, 28.325590133666992], [83.4627456665039, 28.326175689697266], [83.46047973632812, 28.32647705078125], [83.45691680908203, 28.32706069946289], [83.45399475097656, 28.327075958251953], [83.45075225830078, 28.327369689941406], [83.44881439208984, 28.32823944091797], [83.4465560913086, 28.330541610717773], [83.44591522216797, 28.333412170410156], [83.44528198242188, 28.33656883239746], [83.44367218017578, 28.339160919189453], [83.44205474853516, 28.34031867980957], [83.43914031982422, 28.341188430786133], [83.43719482421875, 28.340904235839844], [83.43460083007812, 28.340627670288086], [83.43135070800781, 28.34064292907715], [83.4284439086914, 28.342090606689453], [83.42650604248047, 28.343814849853516], [83.42424774169922, 28.346975326538086], [83.42230987548828, 28.35014533996582], [83.4210205078125, 28.351869583129883], [83.41649627685547, 28.35504150390625], [83.41423034667969, 28.355911254882812], [83.41228485107422, 28.356203079223633], [83.40968322753906, 28.355926513671875], [83.40644073486328, 28.355363845825195], [83.40351867675781, 28.354511260986328], [83.39994812011719, 28.353946685791016], [83.39605712890625, 28.354249954223633], [83.39379119873047, 28.356264114379883], [83.39217376708984, 28.357419967651367], [83.39054870605469, 28.35684585571289], [83.38697814941406, 28.355424880981445], [83.38470458984375, 28.35542869567871], [83.38243865966797, 28.35629653930664], [83.3798599243164, 28.359176635742188], [83.37791442871094, 28.36062240600586], [83.3759765625, 28.362058639526367], [83.37403106689453, 28.36350440979004], [83.37079620361328, 28.36551856994629], [83.36658477783203, 28.367822647094727], [83.36431884765625, 28.3684024810791], [83.35945892333984, 28.36985969543457], [83.35491943359375, 28.370153427124023], [83.35264587402344, 28.369876861572266], [83.34972381591797, 28.369600296020508], [83.34745025634766, 28.369033813476562], [83.34387969970703, 28.367891311645508], [83.3403091430664, 28.36589241027832], [83.3380355834961, 28.36503791809082], [83.33316040039062, 28.36332893371582], [83.32894134521484, 28.36161994934082], [83.32633972167969, 28.359331130981445], [83.32308197021484, 28.35676383972168], [83.3201675415039, 28.35590934753418], [83.3169174194336, 28.35505485534668], [83.31172943115234, 28.354209899902344], [83.30913543701172, 28.354501724243164], [83.30815887451172, 28.354501724243164], [83.3055648803711, 28.354801177978516], [83.303955078125, 28.35738182067871], [83.30233764648438, 28.359682083129883], [83.3000717163086, 28.361982345581055], [83.29715728759766, 28.363428115844727], [83.29424285888672, 28.36400604248047], [83.29132843017578, 28.36545181274414], [83.28938293457031, 28.367752075195312], [83.28874206542969, 28.369186401367188], [83.28713989257812, 28.37578773498535], [83.2864990234375, 28.378376007080078], [83.28585052490234, 28.380388259887695], [83.28553771972656, 28.383544921875], [83.2865219116211, 28.386411666870117], [83.2884750366211, 28.38899040222168], [83.2904281616211, 28.391559600830078], [83.2927017211914, 28.394136428833008], [83.29401397705078, 28.39671516418457], [83.29467010498047, 28.399581909179688], [83.295654296875, 28.4033145904541], [83.29727935791016, 28.40560531616211], [83.29923248291016, 28.40818214416504], [83.300537109375, 28.41105079650879], [83.30119323730469, 28.413339614868164], [83.30120849609375, 28.416217803955078], [83.29894256591797, 28.419086456298828], [83.29634857177734, 28.420530319213867], [83.2934341430664, 28.422542572021484], [83.29051971435547, 28.425132751464844], [83.28826141357422, 28.429733276367188], [83.2866439819336, 28.431743621826172], [83.28502655029297, 28.43317985534668], [83.28308868408203, 28.43605613708496], [83.28211975097656, 28.439502716064453], [83.28375244140625, 28.442079544067383], [83.28700256347656, 28.444080352783203], [83.28960418701172, 28.444936752319336], [83.2928466796875, 28.445781707763672], [83.29609680175781, 28.44692611694336], [83.29967498779297, 28.448348999023438], [83.30227661132812, 28.45035743713379], [83.30390930175781, 28.453216552734375], [83.30391693115234, 28.4558048248291], [83.30392456054688, 28.45924949645996], [83.30296325683594, 28.46269416809082], [83.30134582519531, 28.46556282043457], [83.29972839355469, 28.46815299987793], [83.29843139648438, 28.469587326049805], [83.29389953613281, 28.47304344177246], [83.2916259765625, 28.474197387695312], [83.29033660888672, 28.475631713867188], [83.28807067871094, 28.4785099029541], [83.28677368164062, 28.48080062866211], [83.28386688232422, 28.4851131439209], [83.2825698852539, 28.48798942565918], [83.28031158447266, 28.49057960510254], [83.27836608886719, 28.492013931274414], [83.27576446533203, 28.49287986755371], [83.27381896972656, 28.49374771118164], [83.26830291748047, 28.4946231842041], [83.26505279541016, 28.49491310119629], [83.26213836669922, 28.49549102783203], [83.26051330566406, 28.49606704711914], [83.25694274902344, 28.4969425201416], [83.25531768798828, 28.497800827026367], [83.25208282470703, 28.500965118408203], [83.24981689453125, 28.503843307495117], [83.2481918334961, 28.504987716674805], [83.24462127685547, 28.506431579589844], [83.24267578125, 28.50729751586914], [83.23943328857422, 28.509029388427734], [83.23780822753906, 28.510173797607422], [83.23456573486328, 28.51333999633789], [83.23197174072266, 28.514205932617188], [83.2303466796875, 28.514205932617188], [83.22807312011719, 28.51421356201172], [83.2238540649414, 28.513935089111328], [83.22222900390625, 28.513076782226562], [83.2186508178711, 28.511075973510742], [83.2166976928711, 28.509641647338867], [83.2147445678711, 28.50735092163086], [83.21214294433594, 28.504194259643555], [83.2098617553711, 28.5021915435791], [83.2079086303711, 28.50019073486328], [83.20498657226562, 28.49904441833496], [83.20336151123047, 28.498476028442383], [83.200439453125, 28.497907638549805], [83.19751739501953, 28.49762725830078], [83.19524383544922, 28.49762725830078], [83.19232177734375, 28.49705696105957], [83.18679809570312, 28.495920181274414], [83.18517303466797, 28.495351791381836], [83.18387603759766, 28.49506187438965], [83.18192291259766, 28.49449348449707], [83.17964935302734, 28.493925094604492], [83.17737579345703, 28.493066787719727], [83.17639923095703, 28.492778778076172], [83.1728286743164, 28.49220848083496], [83.1705551147461, 28.492504119873047], [83.16860961914062, 28.49308204650879], [83.16633605957031, 28.49451446533203], [83.16439056396484, 28.495378494262695], [83.16178894042969, 28.495386123657227], [83.15789031982422, 28.49510383605957], [83.1552963256836, 28.494813919067383], [83.15367126464844, 28.49453353881836], [83.15172576904297, 28.49453353881836], [83.15074920654297, 28.49454116821289], [83.1488037109375, 28.494829177856445], [83.1468505859375, 28.494827270507812], [83.14295959472656, 28.494834899902344], [83.13743591308594, 28.493982315063477], [83.13776397705078, 28.496562957763672], [83.13776397705078, 28.497419357299805], [83.13776397705078, 28.49828338623047], [83.13777160644531, 28.499717712402344], [83.13744354248047, 28.50115203857422], [83.13744354248047, 28.502296447753906], [83.13777160644531, 28.50430679321289], [83.13777923583984, 28.50545310974121], [83.137451171875, 28.50775146484375], [83.13681030273438, 28.510330200195312], [83.13648223876953, 28.511484146118164], [83.13551330566406, 28.51320457458496], [83.13453674316406, 28.514638900756836], [83.13323974609375, 28.51607894897461], [83.1325912475586, 28.517513275146484], [83.13162231445312, 28.519811630249023], [83.13130187988281, 28.52152442932129], [83.13065338134766, 28.52440071105957], [83.13065338134766, 28.525833129882812], [83.12935638427734, 28.52869987487793], [83.1264419555664, 28.531862258911133], [83.12513732910156, 28.532150268554688], [83.12384033203125, 28.532438278198242], [83.12286376953125, 28.53301429748535], [83.12091827392578, 28.533588409423828], [83.11929321289062, 28.534452438354492], [83.11799621582031, 28.53531837463379], [83.11669921875, 28.53617286682129], [83.11605072021484, 28.537038803100586], [83.11410522460938, 28.538190841674805], [83.11312866210938, 28.53875732421875], [83.11117553710938, 28.539621353149414], [83.10858154296875, 28.540773391723633], [83.10663604736328, 28.54134750366211], [83.10728454589844, 28.54479217529297], [83.10728454589844, 28.54593849182129], [83.10728454589844, 28.546794891357422], [83.10696411132812, 28.547948837280273], [83.10664367675781, 28.54909324645996], [83.10599517822266, 28.551103591918945], [83.10566711425781, 28.55196762084961], [83.10599517822266, 28.554258346557617], [83.1053466796875, 28.556556701660156], [83.10469818115234, 28.55856704711914], [83.10437774658203, 28.560001373291016], [83.10404968261719, 28.562002182006836], [83.10405731201172, 28.564878463745117], [83.10503387451172, 28.56745719909668], [83.10697937011719, 28.569461822509766], [83.11023712158203, 28.57061004638672], [83.11283111572266, 28.572036743164062], [83.11380767822266, 28.57404899597168], [83.11381530761719, 28.576627731323242], [83.11381530761719, 28.57892608642578], [83.11349487304688, 28.58264923095703], [83.11317443847656, 28.58494758605957], [83.11317443847656, 28.587526321411133], [83.1125259399414, 28.590681076049805], [83.1122055053711, 28.592981338500977], [83.11155700683594, 28.595279693603516], [83.10993194580078, 28.59814453125], [83.10863494873047, 28.600730895996094], [83.10700988769531, 28.60359764099121], [83.10604095458984, 28.60589599609375], [83.10636901855469, 28.608762741088867], [83.107666015625, 28.611919403076172], [83.10897064208984, 28.61421012878418], [83.10994720458984, 28.61651039123535], [83.10994720458984, 28.6193790435791], [83.10930633544922, 28.622533798217773], [83.10930633544922, 28.62482261657715], [83.10995483398438, 28.626834869384766], [83.11190795898438, 28.62769317626953], [83.11320495605469, 28.627695083618164], [83.11580657958984, 28.62797737121582], [83.11471557617188, 28.629304885864258], [83.11585235595703, 28.63275718688965], [83.1160888671875, 28.638893127441406], [83.12030792236328, 28.647247314453125], [83.12234497070312, 28.64982032775879], [83.12386322021484, 28.653596878051758], [83.12336730957031, 28.657270431518555], [83.12327575683594, 28.662433624267578], [83.12252044677734, 28.665884017944336], [83.1219711303711, 28.670475006103516], [83.12452697753906, 28.673677444458008], [83.12887573242188, 28.673187255859375], [83.1334228515625, 28.672298431396484], [83.13961029052734, 28.67420768737793], [83.14263153076172, 28.678035736083984], [83.14344024658203, 28.68181800842285], [83.14328002929688, 28.686979293823242], [83.144287109375, 28.691913604736328], [83.1500244140625, 28.694168090820312], [83.15133666992188, 28.695423126220703], [83.15188598632812, 28.698863983154297], [83.1511459350586, 28.70443344116211], [83.1498794555664, 28.709320068359375], [83.14653778076172, 28.714500427246094], [83.14535522460938, 28.721742630004883], [83.14320373535156, 28.729551315307617], [83.14332580566406, 28.73822021484375], [83.1431884765625, 28.739896774291992], [83.14747619628906, 28.745559692382812], [83.14942932128906, 28.746417999267578], [83.15138244628906, 28.74641990661621], [83.1536636352539, 28.746990203857422], [83.15594482421875, 28.746992111206055], [83.15887451171875, 28.74669647216797], [83.16180419921875, 28.746122360229492], [83.16505432128906, 28.74583625793457], [83.16798400878906, 28.745540618896484], [83.1702651977539, 28.74525260925293], [83.17351531982422, 28.74582290649414], [83.17579650878906, 28.746103286743164], [83.17904663085938, 28.745241165161133], [83.18197631835938, 28.74437713623047], [83.18490600585938, 28.74322509765625], [83.18848419189453, 28.742361068725586], [83.19043731689453, 28.74149513244629], [83.19174194335938, 28.74091911315918], [83.19434356689453, 28.74034309387207], [83.19661712646484, 28.739479064941406], [83.19857025146484, 28.738615036010742], [83.20052337646484, 28.73746109008789], [83.2021484375, 28.736316680908203], [83.20377349853516, 28.734874725341797], [83.20735168457031, 28.73343276977539], [83.20864868164062, 28.733144760131836], [83.20995330810547, 28.732290267944336], [83.21190643310547, 28.731712341308594], [83.21287536621094, 28.73142433166504], [83.21483612060547, 28.731992721557617], [83.21776580810547, 28.732851028442383], [83.22004699707031, 28.734275817871094], [83.22167205810547, 28.735422134399414], [83.22297668457031, 28.736278533935547], [83.22525787353516, 28.739147186279297], [83.22819519042969, 28.74114990234375], [83.23079681396484, 28.74229621887207], [83.23275756835938, 28.74257469177246], [83.23567962646484, 28.742576599121094], [83.23763275146484, 28.741422653198242], [83.23990631103516, 28.739700317382812], [83.24185943603516, 28.737401962280273], [83.24413299560547, 28.734525680541992], [83.24542999267578, 28.733659744262695], [83.24705505371094, 28.733081817626953], [83.24835968017578, 28.731937408447266], [83.24932861328125, 28.73049545288086], [83.2509536743164, 28.728483200073242], [83.25257873535156, 28.726760864257812], [83.25420379638672, 28.725616455078125], [83.25745391845703, 28.72388458251953], [83.25875091552734, 28.723596572875977], [83.26070404052734, 28.723587036132812], [83.26396179199219, 28.723299026489258], [83.26656341552734, 28.723011016845703], [83.26883697509766, 28.722423553466797], [83.27176666259766, 28.721847534179688], [83.27469635009766, 28.721269607543945], [83.27794647216797, 28.72126007080078], [83.28022766113281, 28.722116470336914], [83.28250885009766, 28.7232608795166], [83.2857666015625, 28.724973678588867], [83.28935241699219, 28.72640609741211], [83.29391479492188, 28.72783088684082], [83.29879760742188, 28.729541778564453], [83.30205535888672, 28.730388641357422], [83.30628967285156, 28.732389450073242], [83.3105239868164, 28.733243942260742], [83.31378173828125, 28.733810424804688], [83.31639099121094, 28.734088897705078], [83.31964111328125, 28.73379135131836], [83.32354736328125, 28.734357833862305], [83.32615661621094, 28.73492431640625], [83.3297348022461, 28.735490798950195], [83.33299255371094, 28.73605728149414], [83.33625030517578, 28.736623764038086], [83.33950805664062, 28.73661231994629], [83.34210968017578, 28.736032485961914], [83.34666442871094, 28.735164642333984], [83.3482894897461, 28.734874725341797], [83.35089111328125, 28.734296798706055], [83.3534927368164, 28.733707427978516], [83.35609436035156, 28.733417510986328], [83.35804748535156, 28.73312759399414], [83.36000061035156, 28.732837677001953], [83.36260986328125, 28.733116149902344], [83.36456298828125, 28.73368263244629], [83.36651611328125, 28.73453712463379], [83.36880493164062, 28.736825942993164], [83.3720703125, 28.741125106811523], [83.37435913085938, 28.743701934814453], [83.37665557861328, 28.74799346923828], [83.37861633300781, 28.751148223876953], [83.38156127929688, 28.754581451416016], [83.3844985961914, 28.757158279418945], [83.3880844116211, 28.759445190429688], [83.39102172851562, 28.760868072509766], [83.39427947998047, 28.761720657348633], [83.39851379394531, 28.761707305908203], [83.40209197998047, 28.76140594482422], [83.40404510498047, 28.761404037475586], [83.40599822998047, 28.761402130126953], [83.409912109375, 28.7619571685791], [83.413818359375, 28.763097763061523], [83.41773223876953, 28.76451873779297], [83.42164611816406, 28.76565933227539], [83.42620849609375, 28.767078399658203], [83.43338012695312, 28.768774032592773], [83.43630981445312, 28.76905059814453], [83.44022369384766, 28.769901275634766], [83.44380950927734, 28.770465850830078], [83.4473876953125, 28.770740509033203], [83.45064544677734, 28.770727157592773], [83.45488739013672, 28.772722244262695], [83.45782470703125, 28.774433135986328], [83.46076965332031, 28.77729606628418], [83.46436309814453, 28.780149459838867], [83.4666519165039, 28.781579971313477], [83.4695816040039, 28.782432556152344], [83.47284698486328, 28.7835636138916], [83.47545623779297, 28.78441619873047], [83.47838592529297, 28.784692764282227], [83.48197174072266, 28.785253524780273], [83.48751831054688, 28.786958694458008], [83.4901351928711, 28.789823532104492]]]}}, {"type": "Feature", "id": 21, "properties": {"DISTRICT": "GORKHA"}, "geometry": {"type": "Polygon", "coordinates": [[[84.49368286132812, 28.73686408996582], [84.50709533691406, 28.746007919311523], [84.51200103759766, 28.748281478881836], [84.51461029052734, 28.74913215637207], [84.51656341552734, 28.74797821044922], [84.5201416015625, 28.745960235595703], [84.52339935302734, 28.744800567626953], [84.52666473388672, 28.744789123535156], [84.52894592285156, 28.744775772094727], [84.53155517578125, 28.744770050048828], [84.53905487060547, 28.74416732788086], [84.54166412353516, 28.744449615478516], [84.54591369628906, 28.74529266357422], [84.54950714111328, 28.747289657592773], [84.5521240234375, 28.749284744262695], [84.55376434326172, 28.750722885131836], [84.5560531616211, 28.751855850219727], [84.55767822265625, 28.749845504760742], [84.55896759033203, 28.74725341796875], [84.56059265136719, 28.745811462402344], [84.56287384033203, 28.744651794433594], [84.5638427734375, 28.743785858154297], [84.5657958984375, 28.742061614990234], [84.56806945800781, 28.73946762084961], [84.57034301757812, 28.737451553344727], [84.57294464111328, 28.736000061035156], [84.57555389404297, 28.735416412353516], [84.57815551757812, 28.735118865966797], [84.58011627197266, 28.735109329223633], [84.59088134765625, 28.736223220825195], [84.59284210205078, 28.7362117767334], [84.59577941894531, 28.73649024963379], [84.59806060791016, 28.736186981201172], [84.59969329833984, 28.735891342163086], [84.602294921875, 28.735315322875977], [84.60392761230469, 28.73501968383789], [84.60556030273438, 28.735301971435547], [84.60816955566406, 28.735862731933594], [84.61143493652344, 28.736425399780273], [84.6153564453125, 28.736980438232422], [84.61796569824219, 28.737253189086914], [84.62057495117188, 28.737245559692383], [84.6244888305664, 28.736366271972656], [84.6274185180664, 28.73520851135254], [84.63066864013672, 28.73318099975586], [84.63391876220703, 28.731163024902344], [84.63652038574219, 28.729711532592773], [84.63814544677734, 28.728845596313477], [84.64496612548828, 28.72393035888672], [84.64691925048828, 28.722204208374023], [84.64917755126953, 28.718454360961914], [84.650146484375, 28.716440200805664], [84.6507797241211, 28.71270751953125], [84.65109252929688, 28.7098331451416], [84.65172576904297, 28.707246780395508], [84.65269470214844, 28.705232620239258], [84.6546401977539, 28.70349884033203], [84.65691375732422, 28.702058792114258], [84.65984344482422, 28.700321197509766], [84.66179656982422, 28.699453353881836], [84.66828918457031, 28.694250106811523], [84.66957092285156, 28.690221786499023], [84.66954803466797, 28.686494827270508], [84.6695327758789, 28.684770584106445], [84.67375946044922, 28.681594848632812], [84.67636108398438, 28.68071937561035], [84.68059539794922, 28.680702209472656], [84.68418884277344, 28.680683135986328], [84.68809509277344, 28.68037986755371], [84.69134521484375, 28.67892837524414], [84.69296264648438, 28.676618576049805], [84.69588470458984, 28.673734664916992], [84.700439453125, 28.672279357910156], [84.70304107666016, 28.67169189453125], [84.70499420166016, 28.670822143554688], [84.70563507080078, 28.668514251708984], [84.70529174804688, 28.665647506713867], [84.70364379882812, 28.663076400756836], [84.70232391357422, 28.661067962646484], [84.70100402832031, 28.658781051635742], [84.70001220703125, 28.655624389648438], [84.7003173828125, 28.65275001525879], [84.70063781738281, 28.65074348449707], [84.70028686523438, 28.647579193115234], [84.69962310791016, 28.644716262817383], [84.6989517211914, 28.641845703125], [84.69892120361328, 28.636962890625], [84.70152282714844, 28.635807037353516], [84.70510864257812, 28.635498046875], [84.70869445800781, 28.635765075683594], [84.71227264404297, 28.6348876953125], [84.71552276611328, 28.63343620300293], [84.71844482421875, 28.631698608398438], [84.72071838378906, 28.630247116088867], [84.72331237792969, 28.627944946289062], [84.72460174560547, 28.625926971435547], [84.72557067871094, 28.624483108520508], [84.7265396118164, 28.623044967651367], [84.73075866699219, 28.620147705078125], [84.7349853515625, 28.618694305419922], [84.73921966552734, 28.618385314941406], [84.74280548095703, 28.61865234375], [84.74573516845703, 28.61863899230957], [84.74899291992188, 28.618619918823242], [84.75225067138672, 28.618024826049805], [84.75647735595703, 28.616857528686523], [84.75907897949219, 28.616270065307617], [84.7623291015625, 28.614816665649414], [84.7652587890625, 28.61365509033203], [84.76915740966797, 28.612483978271484], [84.77143859863281, 28.6121883392334], [84.77371215820312, 28.611881256103516], [84.77664947509766, 28.6115779876709], [84.78412628173828, 28.609525680541992], [84.7883529663086, 28.60778045654297], [84.7916030883789, 28.606327056884766], [84.79354858398438, 28.605457305908203], [84.79744720458984, 28.603715896606445], [84.80134582519531, 28.601964950561523], [84.8045883178711, 28.59994125366211], [84.80718231201172, 28.59819793701172], [84.81075286865234, 28.595882415771484], [84.81399536132812, 28.594139099121094], [84.81658935546875, 28.59269142150879], [84.81951141357422, 28.590951919555664], [84.83088684082031, 28.587154388427734], [84.8351058959961, 28.585399627685547], [84.83900451660156, 28.5833683013916], [84.84290313720703, 28.58162498474121], [84.84646606445312, 28.579587936401367], [84.8503646850586, 28.577556610107422], [84.85263061523438, 28.576112747192383], [84.856201171875, 28.57465171813965], [84.85881042480469, 28.57520866394043], [84.8604507446289, 28.576353073120117], [84.86176300048828, 28.57777214050293], [84.86438751220703, 28.580060958862305], [84.86700439453125, 28.58090591430664], [84.86994171142578, 28.582033157348633], [84.87385559082031, 28.582294464111328], [84.87776184082031, 28.582563400268555], [84.88005065917969, 28.58283233642578], [84.88363647460938, 28.583097457885742], [84.88722229003906, 28.584226608276367], [84.89082336425781, 28.586214065551758], [84.89344787597656, 28.58820343017578], [84.89639282226562, 28.58991050720215], [84.90552520751953, 28.591575622558594], [84.90910339355469, 28.590404510498047], [84.91300964355469, 28.590373992919922], [84.9162826538086, 28.591796875], [84.91857147216797, 28.592924118041992], [84.92249298095703, 28.59491539001465], [84.9264144897461, 28.59575080871582], [84.92935180664062, 28.596012115478516], [84.93391418457031, 28.596559524536133], [84.93750762939453, 28.597400665283203], [84.93978881835938, 28.597957611083984], [84.9437026977539, 28.597639083862305], [84.94563293457031, 28.595041275024414], [84.94788360595703, 28.59129524230957], [84.94915771484375, 28.587839126586914], [84.94978332519531, 28.5849609375], [84.9510726928711, 28.583229064941406], [84.9533462524414, 28.582929611206055], [84.95693969726562, 28.583480834960938], [84.961181640625, 28.584888458251953], [84.9644546508789, 28.586589813232422], [84.96805572509766, 28.588287353515625], [84.97099304199219, 28.58912467956543], [84.9752426147461, 28.59024429321289], [84.9794921875, 28.591651916503906], [84.98406219482422, 28.593055725097656], [84.98667907714844, 28.59447479248047], [84.99028015136719, 28.59617042541504], [84.99356079101562, 28.598447799682617], [84.99325561523438, 28.600746154785156], [84.99163818359375, 28.602191925048828], [84.9893798828125, 28.604793548583984], [84.98809051513672, 28.606813430786133], [84.98844146728516, 28.609111785888672], [84.99207305908203, 28.614831924438477], [84.99437713623047, 28.61711311340332], [84.99700927734375, 28.619680404663086], [84.99931335449219, 28.622529983520508], [85.00194549560547, 28.625383377075195], [85.0049057006836, 28.628522872924805], [85.00753784179688, 28.631088256835938], [85.01016998291016, 28.634231567382812], [85.01280212402344, 28.6370849609375], [85.01576232910156, 28.639936447143555], [85.01839447021484, 28.642501831054688], [85.02167510986328, 28.645057678222656], [85.02496337890625, 28.647912979125977], [85.02759552001953, 28.6507568359375], [85.03089141845703, 28.65389060974121], [85.03450012207031, 28.656452178955078], [85.03743743896484, 28.656721115112305], [85.0394058227539, 28.658140182495117], [85.04074096679688, 28.661867141723633], [85.04142761230469, 28.665306091308594], [85.04340362548828, 28.667591094970703], [85.04700469970703, 28.669286727905273], [85.04962921142578, 28.670703887939453], [85.05226135253906, 28.67298126220703], [85.05457305908203, 28.67669677734375], [85.05722045898438, 28.68040657043457], [85.05985260009766, 28.68269157409668], [85.06472778320312, 28.681507110595703], [85.06896209716797, 28.68061065673828], [85.0725326538086, 28.67914581298828], [85.07577514648438, 28.67682647705078], [85.07933044433594, 28.67363739013672], [85.08257293701172, 28.671600341796875], [85.0848617553711, 28.672155380249023], [85.08779907226562, 28.67300033569336], [85.09369659423828, 28.675827026367188], [85.09566497802734, 28.676956176757812], [85.10025024414062, 28.678932189941406], [85.1045150756836, 28.681194305419922], [85.1077880859375, 28.682891845703125], [85.11237335205078, 28.68486976623535], [85.11466979980469, 28.686002731323242], [85.11727905273438, 28.686264038085938], [85.12020874023438, 28.685665130615234], [85.12313842773438, 28.684783935546875], [85.12605285644531, 28.68303871154785], [85.1283187866211, 28.681291580200195], [85.13253021240234, 28.677812576293945], [85.13414001464844, 28.67579460144043], [85.1357421875, 28.67319107055664], [85.13701629638672, 28.670310974121094], [85.13894653320312, 28.668001174926758], [85.14186096191406, 28.66567611694336], [85.144775390625, 28.663928985595703], [85.14639282226562, 28.662479400634766], [85.1467056274414, 28.66132926940918], [85.14732360839844, 28.658161163330078], [85.14893341064453, 28.656143188476562], [85.15023040771484, 28.654977798461914], [85.15376281738281, 28.65007209777832], [85.15568542480469, 28.646894454956055], [85.15860748291016, 28.6451473236084], [85.16282653808594, 28.643959045410156], [85.16641235351562, 28.643646240234375], [85.17195129394531, 28.64359474182129], [85.17684936523438, 28.64413070678711], [85.1804428100586, 28.644386291503906], [85.18500518798828, 28.64434814453125], [85.1875991821289, 28.6431827545166], [85.18952178955078, 28.640005111694336], [85.1884994506836, 28.635704040527344], [85.18780517578125, 28.631689071655273], [85.1900634765625, 28.629661560058594], [85.19233703613281, 28.62906837463379], [85.19559478759766, 28.628461837768555], [85.19754028320312, 28.628162384033203], [85.19751739501953, 28.625572204589844], [85.19680786132812, 28.62040901184082], [85.19546508789062, 28.616981506347656], [85.19447326660156, 28.61526107788086], [85.19379425048828, 28.612680435180664], [85.19212341308594, 28.608678817749023], [85.1897964477539, 28.604965209960938], [85.18782806396484, 28.60325050354004], [85.18453979492188, 28.600698471069336], [85.1809310913086, 28.598430633544922], [85.17830657958984, 28.596725463867188], [85.17762756347656, 28.59386444091797], [85.17955017089844, 28.591262817382812], [85.18246459960938, 28.5892276763916], [85.18407440185547, 28.587778091430664], [85.1850357055664, 28.58576011657715], [85.1846923828125, 28.58460807800293], [85.18368530273438, 28.581743240356445], [85.18334197998047, 28.579744338989258], [85.18494415283203, 28.577138900756836], [85.18720245361328, 28.575111389160156], [85.19075775146484, 28.57249641418457], [85.19171142578125, 28.570478439331055], [85.19135284423828, 28.567604064941406], [85.19001770019531, 28.56417465209961], [85.18770599365234, 28.561609268188477], [85.1870346069336, 28.559316635131836], [85.18830871582031, 28.55671501159668], [85.1895751953125, 28.553546905517578], [85.18987274169922, 28.55067253112793], [85.18951416015625, 28.547805786132812], [85.18814849853516, 28.542076110839844], [85.1871337890625, 28.538063049316406], [85.18644714355469, 28.535194396972656], [85.18480682373047, 28.533483505249023], [85.1818618774414, 28.532649993896484], [85.17828369140625, 28.533252716064453], [85.17536163330078, 28.53385353088379], [85.17276000976562, 28.534162521362305], [85.17013549804688, 28.53245735168457], [85.16879272460938, 28.52845001220703], [85.16842651367188, 28.524429321289062], [85.1677474975586, 28.5218563079834], [85.1664047241211, 28.518129348754883], [85.16442108154297, 28.515277862548828], [85.16243743896484, 28.512704849243164], [85.1607894897461, 28.510417938232422], [85.1594467163086, 28.506698608398438], [85.15908813476562, 28.5035457611084], [85.15739440917969, 28.497520446777344], [85.15669250488281, 28.49235725402832], [85.155029296875, 28.489212036132812], [85.15174865722656, 28.486370086669922], [85.14781951904297, 28.48467445373535], [85.14424133300781, 28.484416961669922], [85.1409912109375, 28.485023498535156], [85.13546752929688, 28.485931396484375], [85.1312484741211, 28.487398147583008], [85.1273422241211, 28.48743438720703], [85.1237564086914, 28.486600875854492], [85.12079620361328, 28.484041213989258], [85.11880493164062, 28.480321884155273], [85.11682891845703, 28.477460861206055], [85.11516571044922, 28.474315643310547], [85.11416625976562, 28.471738815307617], [85.11250305175781, 28.468303680419922], [85.11116790771484, 28.46515464782715], [85.10723114013672, 28.461742401123047], [85.10427856445312, 28.45975112915039], [85.10099792480469, 28.456619262695312], [85.09966278076172, 28.45347023010254], [85.10061645507812, 28.451171875], [85.10482788085938, 28.44883918762207], [85.10774230957031, 28.4473819732666], [85.11421203613281, 28.44359016418457], [85.114501953125, 28.440427780151367], [85.11347198486328, 28.434690475463867], [85.11375427246094, 28.430959701538086], [85.11469268798828, 28.426929473876953], [85.11563873291016, 28.423765182495117], [85.11688995361328, 28.41944122314453], [85.11784362792969, 28.416854858398438], [85.11749267578125, 28.41398048400879], [85.1174545288086, 28.410253524780273], [85.11710357666016, 28.408245086669922], [85.1180419921875, 28.4039249420166], [85.1199722290039, 28.401893615722656], [85.12158203125, 28.400165557861328], [85.1235122680664, 28.39842414855957], [85.12577056884766, 28.39639663696289], [85.12866973876953, 28.39349365234375], [85.12633514404297, 28.38834571838379], [85.12369537353516, 28.384057998657227], [85.12234497070312, 28.3797607421875], [85.12100982666016, 28.37604331970215], [85.12033081054688, 28.37346076965332], [85.11931610107422, 28.369449615478516], [85.1176528930664, 28.365726470947266], [85.11663818359375, 28.362003326416016], [85.11563110351562, 28.358558654785156], [85.11528015136719, 28.355981826782227], [85.11460876464844, 28.353979110717773], [85.11360931396484, 28.351402282714844], [85.1129379272461, 28.349388122558594], [85.10887908935547, 28.344396591186523], [85.10401153564453, 28.344093322753906], [85.1001205444336, 28.343795776367188], [85.09590148925781, 28.34406280517578], [85.09071350097656, 28.344043731689453], [85.08714294433594, 28.34375], [85.08260345458984, 28.343162536621094], [85.0774154663086, 28.341989517211914], [85.07256317138672, 28.33910369873047], [85.0699691772461, 28.33765983581543], [85.06575775146484, 28.335344314575195], [85.06219482421875, 28.333614349365234], [85.05799102783203, 28.330440521240234], [85.05281066894531, 28.32726287841797], [85.0489273071289, 28.324373245239258], [85.04634094238281, 28.3217830657959], [85.0434341430664, 28.31918716430664], [85.04085540771484, 28.315448760986328], [85.0389175415039, 28.311992645263672], [85.03730773925781, 28.307971954345703], [85.03667449951172, 28.304813385009766], [85.0363540649414, 28.303951263427734], [85.0360336303711, 28.3007869720459], [85.03670501708984, 28.294479370117188], [85.03736114501953, 28.292179107666016], [85.0376968383789, 28.29046058654785], [85.03804016113281, 28.283288955688477], [85.03707885742188, 28.28156089782715], [85.0361099243164, 28.280120849609375], [85.03385162353516, 28.277246475219727], [85.03126525878906, 28.274076461791992], [85.02674102783203, 28.27004051208496], [85.02351379394531, 28.26715087890625], [85.0193099975586, 28.263696670532227], [85.01155090332031, 28.257349014282227], [85.00897216796875, 28.254756927490234], [85.00606536865234, 28.25187110900879], [85.00186157226562, 28.248119354248047], [84.99701690673828, 28.24465560913086], [84.9931411743164, 28.241483688354492], [84.98926544189453, 28.238025665283203], [84.98603057861328, 28.235143661499023], [84.98248291015625, 28.231969833374023], [84.98054504394531, 28.229955673217773], [84.97699737548828, 28.22563362121582], [84.97022247314453, 28.21870994567871], [84.96763610839844, 28.216686248779297], [84.96376037597656, 28.213516235351562], [84.96377563476562, 28.209789276123047], [84.96540832519531, 28.206924438476562], [84.96736145019531, 28.204345703125], [84.96964263916016, 28.201770782470703], [84.97160339355469, 28.197477340698242], [84.9732437133789, 28.192890167236328], [84.97325897216797, 28.18858528137207], [84.97229766845703, 28.184844970703125], [84.97036743164062, 28.18197250366211], [84.96908569335938, 28.17938232421875], [84.9681167602539, 28.17708396911621], [84.96683502197266, 28.17449378967285], [84.9655532836914, 28.171613693237305], [84.96427154541016, 28.16701889038086], [84.96299743652344, 28.161558151245117], [84.9620361328125, 28.160118103027344], [84.96139526367188, 28.15781593322754], [84.96043395996094, 28.155229568481445], [84.95947265625, 28.152931213378906], [84.95819091796875, 28.1506290435791], [84.95722198486328, 28.148611068725586], [84.95594024658203, 28.146028518676758], [84.9549789428711, 28.143722534179688], [84.95598602294922, 28.134540557861328], [84.9563217163086, 28.131675720214844], [84.9556884765625, 28.12822914123535], [84.95310974121094, 28.12563705444336], [84.94987487792969, 28.124467849731445], [84.94696807861328, 28.123884201049805], [84.94340515136719, 28.123577117919922], [84.93595886230469, 28.123836517333984], [84.93305206298828, 28.122961044311523], [84.9301528930664, 28.120363235473633], [84.92789459228516, 28.11748695373535], [84.9262924194336, 28.114032745361328], [84.9256591796875, 28.11087417602539], [84.92437744140625, 28.1082820892334], [84.92276763916016, 28.106264114379883], [84.92018127441406, 28.104816436767578], [84.9166259765625, 28.103652954101562], [84.91339111328125, 28.10306167602539], [84.90950775146484, 28.103328704833984], [84.9065933227539, 28.103609085083008], [84.90141296386719, 28.10415267944336], [84.89752960205078, 28.10471534729004], [84.89461517333984, 28.105554580688477], [84.89234161376953, 28.106403350830078], [84.88812255859375, 28.108108520507812], [84.88358306884766, 28.109806060791016], [84.88066864013672, 28.110366821289062], [84.87646484375, 28.11006736755371], [84.87193298339844, 28.109464645385742], [84.86804962158203, 28.110017776489258], [84.8651351928711, 28.110576629638672], [84.86190032958984, 28.110851287841797], [84.85930633544922, 28.11141586303711], [84.85670471191406, 28.11312484741211], [84.8547592163086, 28.114259719848633], [84.8463363647461, 28.11594009399414], [84.84375762939453, 28.11362648010254], [84.8431167602539, 28.112478256225586], [84.84280395507812, 28.109893798828125], [84.84249114990234, 28.107595443725586], [84.84185028076172, 28.1064395904541], [84.84024047851562, 28.10528564453125], [84.83927917480469, 28.103557586669922], [84.83863830566406, 28.102121353149414], [84.8386459350586, 28.10039710998535], [84.83736419677734, 28.09780502319336], [84.83641052246094, 28.095218658447266], [84.83576965332031, 28.093204498291016], [84.83480834960938, 28.09119415283203], [84.83353424072266, 28.08860206604004], [84.83289337158203, 28.086299896240234], [84.83193969726562, 28.083425521850586], [84.83098602294922, 28.079980850219727], [84.83003234863281, 28.077392578125], [84.82843017578125, 28.073938369750977], [84.82747650146484, 28.07077407836914], [84.8265151977539, 28.068187713623047], [84.82459259033203, 28.06501579284668], [84.8239517211914, 28.064157485961914], [84.82331085205078, 28.06300163269043], [84.82266998291016, 28.061565399169922], [84.82203674316406, 28.059551239013672], [84.82140350341797, 28.05668067932129], [84.82142639160156, 28.052656173706055], [84.8214340209961, 28.050941467285156], [84.82079315185547, 28.049217224121094], [84.8191909790039, 28.0474853515625], [84.81661224365234, 28.045459747314453], [84.81468200683594, 28.043153762817383], [84.81340026855469, 28.04056167602539], [84.8130874633789, 28.038265228271484], [84.81343078613281, 28.035390853881836], [84.81344604492188, 28.03281021118164], [84.81475830078125, 28.029375076293945], [84.81573486328125, 28.027658462524414], [84.81671905517578, 28.024795532226562], [84.81608581542969, 28.021915435791016], [84.81481170654297, 28.019332885742188], [84.81385040283203, 28.016735076904297], [84.81353759765625, 28.01443862915039], [84.81355285644531, 28.011857986450195], [84.81453704833984, 28.009851455688477], [84.81584167480469, 28.006994247436523], [84.81617736816406, 28.005556106567383], [84.8135986328125, 28.003538131713867], [84.8116683959961, 28.002378463745117], [84.80973052978516, 28.001508712768555], [84.80779266357422, 28.000919342041016], [84.80553436279297, 28.000043869018555], [84.80327606201172, 27.999746322631836], [84.80133819580078, 27.999452590942383], [84.79875183105469, 27.999439239501953], [84.79456329345703, 27.995969772338867], [84.79231262207031, 27.99423599243164], [84.79103088378906, 27.991931915283203], [84.79007720947266, 27.989057540893555], [84.78912353515625, 27.986469268798828], [84.787841796875, 27.98416519165039], [84.78656005859375, 27.98242950439453], [84.78495025634766, 27.980419158935547], [84.78141021728516, 27.97781753540039], [84.78012084960938, 27.976947784423828], [84.77915954589844, 27.97579574584961], [84.77755737304688, 27.97377586364746], [84.77337646484375, 27.969160079956055], [84.77047729492188, 27.96741485595703], [84.76854705810547, 27.966833114624023], [84.76725769042969, 27.965965270996094], [84.76531982421875, 27.965383529663086], [84.76016235351562, 27.96305274963379], [84.75822448730469, 27.962181091308594], [84.75565338134766, 27.960731506347656], [84.75274658203125, 27.959564208984375], [84.75016784667969, 27.958404541015625], [84.74856567382812, 27.956960678100586], [84.74663543701172, 27.954944610595703], [84.74567413330078, 27.95321273803711], [84.74536895751953, 27.950916290283203], [84.74376678466797, 27.948318481445312], [84.74312591552734, 27.946882247924805], [84.7421646118164, 27.94515037536621], [84.7412109375, 27.94314193725586], [84.74024963378906, 27.941410064697266], [84.7386703491211, 27.936241149902344], [84.73738861083984, 27.93421745300293], [84.73611450195312, 27.93134307861328], [84.73580169677734, 27.92875862121582], [84.73517608642578, 27.925310134887695], [84.73422241210938, 27.922433853149414], [84.73424530029297, 27.91956329345703], [84.7352523803711, 27.913543701171875], [84.73526000976562, 27.911819458007812], [84.73526763916016, 27.909807205200195], [84.73563385009766, 27.90349578857422], [84.73628997802734, 27.90120506286621], [84.73662567138672, 27.899198532104492], [84.73664093017578, 27.89689826965332], [84.73762512207031, 27.893747329711914], [84.73860931396484, 27.891462326049805], [84.73991394042969, 27.890029907226562], [84.74153137207031, 27.88860321044922], [84.7437973022461, 27.887468338012695], [84.74639129638672, 27.88604736328125], [84.74736785888672, 27.88490867614746], [84.7490005493164, 27.882625579833984], [84.74901580810547, 27.8797550201416], [84.74967193603516, 27.877166748046875], [84.75130462646484, 27.875171661376953], [84.75260162353516, 27.8740291595459], [84.75422668457031, 27.872314453125], [84.75552368164062, 27.870891571044922], [84.75650787353516, 27.868886947631836], [84.75780487060547, 27.86717414855957], [84.75846099853516, 27.865741729736328], [84.759765625, 27.863740921020508], [84.76106262207031, 27.861740112304688], [84.7633285522461, 27.860605239868164], [84.7662582397461, 27.857746124267578], [84.77442169189453, 27.84114646911621], [84.77539825439453, 27.83942985534668], [84.77605438232422, 27.83770751953125], [84.7767105102539, 27.835704803466797], [84.7773666381836, 27.83341407775879], [84.77738189697266, 27.830825805664062], [84.77738952636719, 27.828821182250977], [84.7777328491211, 27.825658798217773], [84.77838897705078, 27.824235916137695], [84.77871704101562, 27.822507858276367], [84.77970123291016, 27.82050132751465], [84.78035736083984, 27.818500518798828], [84.78067779541016, 27.81751251220703], [84.78101348876953, 27.816497802734375], [84.78070068359375, 27.81391143798828], [84.7794189453125, 27.812177658081055], [84.7774887084961, 27.81130599975586], [84.77555084228516, 27.811582565307617], [84.77457427978516, 27.81273078918457], [84.77392578125, 27.813875198364258], [84.77294921875, 27.814725875854492], [84.76744842529297, 27.817569732666016], [84.7645492553711, 27.8172607421875], [84.76325988769531, 27.815824508666992], [84.7619857788086, 27.813230514526367], [84.7597427368164, 27.810352325439453], [84.75846099853516, 27.809194564819336], [84.75621032714844, 27.807748794555664], [84.75460052490234, 27.806875228881836], [84.75202178955078, 27.805713653564453], [84.75041198730469, 27.80512809753418], [84.74815368652344, 27.805118560791016], [84.74557495117188, 27.80539321899414], [84.74201965332031, 27.805082321166992], [84.73977661132812, 27.80363655090332], [84.73848724365234, 27.80219078063965], [84.7375259399414, 27.801036834716797], [84.73625183105469, 27.79873275756836], [84.73529052734375, 27.79758071899414], [84.73271942138672, 27.796131134033203], [84.72916412353516, 27.79610824584961], [84.7265853881836, 27.79667091369629], [84.72463989257812, 27.797801971435547], [84.7230224609375, 27.798940658569336], [84.71978759765625, 27.800067901611328], [84.71720123291016, 27.800630569458008], [84.7139663696289, 27.801469802856445], [84.71235656738281, 27.801462173461914], [84.70977020263672, 27.80202293395996], [84.70782470703125, 27.803733825683594], [84.70684814453125, 27.804582595825195], [84.70587158203125, 27.806020736694336], [84.70489501953125, 27.807159423828125], [84.70295715332031, 27.808300018310547], [84.69874572753906, 27.81056785583496], [84.69744873046875, 27.811420440673828], [84.69583129882812, 27.81170082092285], [84.69259643554688, 27.81254005432129], [84.69001770019531, 27.812522888183594], [84.68582153320312, 27.812498092651367], [84.68291473388672, 27.81276512145996], [84.68032836914062, 27.81360626220703], [84.67445373535156, 27.816028594970703], [84.6728744506836, 27.818143844604492], [84.67018127441406, 27.820829391479492], [84.66880798339844, 27.823728561401367], [84.66632843017578, 27.826610565185547], [84.66384887695312, 27.830080032348633], [84.66285705566406, 27.8353271484375], [84.6632080078125, 27.83942413330078], [84.66204071044922, 27.84271812438965], [84.66128540039062, 27.846994400024414], [84.65814208984375, 27.85045051574707], [84.65348815917969, 27.852907180786133], [84.65015411376953, 27.854991912841797], [84.64895629882812, 27.859651565551758], [84.64540100097656, 27.86173439025879], [84.6412124633789, 27.862443923950195], [84.63835144042969, 27.862977981567383], [84.63675689697266, 27.865680694580078], [84.63228607177734, 27.869503021240234], [84.62803649902344, 27.873327255249023], [84.62533569335938, 27.876401901245117], [84.62313079833984, 27.87714195251465], [84.62071990966797, 27.87690544128418], [84.61919403076172, 27.87629508972168], [84.61725616455078, 27.874897003173828], [84.61553192138672, 27.873306274414062], [84.61466979980469, 27.87270736694336], [84.61161804199219, 27.871679306030273], [84.6087646484375, 27.872020721435547], [84.602783203125, 27.874448776245117], [84.59835052490234, 27.876710891723633], [84.59459686279297, 27.877817153930664], [84.5899887084961, 27.877737045288086], [84.58673858642578, 27.875925064086914], [84.58351135253906, 27.872943878173828], [84.5809555053711, 27.869585037231445], [84.57884216308594, 27.86604118347168], [84.57736206054688, 27.863479614257812], [84.57368469238281, 27.861074447631836], [84.56671142578125, 27.8590030670166], [84.56395721435547, 27.857128143310547], [84.55852508544922, 27.858854293823242], [84.55625915527344, 27.85943603515625], [84.55464935302734, 27.860021591186523], [84.55368041992188, 27.861177444458008], [84.55499267578125, 27.86461067199707], [84.55564880371094, 27.866336822509766], [84.55631256103516, 27.869199752807617], [84.5530776977539, 27.869792938232422], [84.5501708984375, 27.870092391967773], [84.54823303222656, 27.871530532836914], [84.54792785644531, 27.87440299987793], [84.54761505126953, 27.876707077026367], [84.54634857177734, 27.882740020751953], [84.54409790039062, 27.885623931884766], [84.54411315917969, 27.888492584228516], [84.54412078857422, 27.88992691040039], [84.5444564819336, 27.891937255859375], [84.54544067382812, 27.89509391784668], [84.5477294921875, 27.900251388549805], [84.54743194580078, 27.904272079467773], [84.54582214355469, 27.906002044677734], [84.54517364501953, 27.906578063964844], [84.5445327758789, 27.907730102539062], [84.5442123413086, 27.90859031677246], [84.54389953613281, 27.909740447998047], [84.54325866699219, 27.912038803100586], [84.53971099853516, 27.913780212402344], [84.53614807128906, 27.912931442260742], [84.53388214111328, 27.91351318359375], [84.53291320800781, 27.913522720336914], [84.53129577636719, 27.913818359375], [84.52967834472656, 27.91382598876953], [84.52676391601562, 27.91411590576172], [84.52449798583984, 27.913841247558594], [84.52125549316406, 27.91327667236328], [84.51899719238281, 27.913867950439453], [84.51673126220703, 27.91444969177246], [84.51284790039062, 27.914173126220703], [84.50733947753906, 27.913331985473633], [84.50704193115234, 27.91879653930664], [84.50931549072266, 27.921083450317383], [84.50997924804688, 27.923946380615234], [84.50739288330078, 27.92510986328125], [84.505126953125, 27.925691604614258], [84.50157165527344, 27.92627716064453], [84.49801635742188, 27.92715835571289], [84.49542999267578, 27.927734375], [84.49284362792969, 27.928319931030273], [84.48960876464844, 27.929487228393555], [84.48346710205078, 27.931514739990234], [84.47959899902344, 27.934402465820312], [84.4786376953125, 27.936992645263672], [84.4770278930664, 27.939002990722656], [84.47541809082031, 27.940732955932617], [84.47380065917969, 27.941316604614258], [84.47250366210938, 27.941896438598633], [84.47089385986328, 27.942472457885742], [84.46797943115234, 27.94305992126465], [84.4647445678711, 27.943649291992188], [84.461181640625, 27.944232940673828], [84.4592514038086, 27.946823120117188], [84.45732116699219, 27.948835372924805], [84.45570373535156, 27.94913101196289], [84.45472717285156, 27.948274612426758], [84.45083618164062, 27.946569442749023], [84.44727325439453, 27.946575164794922], [84.44500732421875, 27.946876525878906], [84.4417724609375, 27.947744369506836], [84.43983459472656, 27.948322296142578], [84.43756866455078, 27.948911666870117], [84.43142700195312, 27.950647354125977], [84.42625427246094, 27.953536987304688], [84.42561340332031, 27.95526695251465], [84.42529296875, 27.9564151763916], [84.42530059814453, 27.957273483276367], [84.42530822753906, 27.960142135620117], [84.42564392089844, 27.9621524810791], [84.42565155029297, 27.964740753173828], [84.42436981201172, 27.968191146850586], [84.42438507080078, 27.97106170654297], [84.42635345458984, 27.977657318115234], [84.42927551269531, 27.980806350708008], [84.43122863769531, 27.98309898376465], [84.43285369873047, 27.98423957824707], [84.43512725830078, 27.985382080078125], [84.4374008178711, 27.986526489257812], [84.43999481201172, 27.987945556640625], [84.44291687011719, 27.990238189697266], [84.4451904296875, 27.992238998413086], [84.44811248779297, 27.993953704833984], [84.45006561279297, 27.995378494262695], [84.45169067382812, 27.996807098388672], [84.45298767089844, 27.997949600219727], [84.45462036132812, 27.99966812133789], [84.45657348632812, 28.00196075439453], [84.45852661132812, 28.00425148010254], [84.46015167236328, 28.006826400756836], [84.46309661865234, 28.012853622436523], [84.46538543701172, 28.01743507385254], [84.4657211303711, 28.0208797454834], [84.4657211303711, 28.021745681762695], [84.46605682373047, 28.02403450012207], [84.46736907958984, 28.02805519104004], [84.46837615966797, 28.036375045776367], [84.46968841552734, 28.03895378112793], [84.4703369140625, 28.04039192199707], [84.47196960449219, 28.043542861938477], [84.47360229492188, 28.046117782592773], [84.4745864868164, 28.04755210876465], [84.47588348388672, 28.04955291748047], [84.47718811035156, 28.050983428955078], [84.48077392578125, 28.054704666137695], [84.48369598388672, 28.05756378173828], [84.48661804199219, 28.057844161987305], [84.49018859863281, 28.058982849121094], [84.49311065673828, 28.06069564819336], [84.49344635009766, 28.062416076660156], [84.49345397949219, 28.063852310180664], [84.49313354492188, 28.065288543701172], [84.49249267578125, 28.067298889160156], [84.49185943603516, 28.069597244262695], [84.49153900146484, 28.07132339477539], [84.49154663085938, 28.073047637939453], [84.49188232421875, 28.076202392578125], [84.49189758300781, 28.078495025634766], [84.49092864990234, 28.079360961914062], [84.48963165283203, 28.07994270324707], [84.48833465576172, 28.080522537231445], [84.48574829101562, 28.081676483154297], [84.48413848876953, 28.083126068115234], [84.48284912109375, 28.085420608520508], [84.4831771850586, 28.086862564086914], [84.4851303100586, 28.08799934387207], [84.48707580566406, 28.088565826416016], [84.48870086669922, 28.088560104370117], [84.490966796875, 28.08797836303711], [84.49388122558594, 28.08710289001465], [84.4974365234375, 28.085941314697266], [84.49970245361328, 28.085071563720703], [84.50067901611328, 28.084781646728516], [84.50294494628906, 28.085058212280273], [84.50749206542969, 28.087053298950195], [84.50944519042969, 28.087909698486328], [84.51236724853516, 28.089046478271484], [84.51561737060547, 28.090177536010742], [84.51983642578125, 28.091888427734375], [84.52340698242188, 28.093305587768555], [84.52698516845703, 28.094444274902344], [84.53120422363281, 28.096153259277344], [84.53802490234375, 28.098703384399414], [84.54452514648438, 28.100688934326172], [84.547119140625, 28.102115631103516], [84.54875183105469, 28.10326385498047], [84.55136108398438, 28.10640525817871], [84.5539779663086, 28.111846923828125], [84.55561065673828, 28.113563537597656], [84.55691528320312, 28.115283966064453], [84.5585708618164, 28.121593475341797], [84.5602035522461, 28.123598098754883], [84.5615005493164, 28.124740600585938], [84.56312561035156, 28.12531089782715], [84.56832885742188, 28.127010345458984], [84.57157135009766, 28.127283096313477], [84.57384490966797, 28.12842559814453], [84.57514953613281, 28.1292781829834], [84.57644653320312, 28.129852294921875], [84.57807159423828, 28.130701065063477], [84.58036804199219, 28.135290145874023], [84.5829849243164, 28.139009475708008], [84.5859146118164, 28.14072036743164], [84.58786010742188, 28.141855239868164], [84.59111785888672, 28.144142150878906], [84.59469604492188, 28.14584732055664], [84.59859466552734, 28.14698028564453], [84.60249328613281, 28.148401260375977], [84.60836029052734, 28.15325164794922], [84.61588287353516, 28.164417266845703], [84.61589050292969, 28.16585350036621], [84.6165542602539, 28.168148040771484], [84.61721801757812, 28.171308517456055], [84.62113952636719, 28.175310134887695], [84.62211608886719, 28.175878524780273], [84.62276458740234, 28.176738739013672], [84.62472534179688, 28.178449630737305], [84.62700653076172, 28.180448532104492], [84.6305923461914, 28.183307647705078], [84.63352966308594, 28.18558692932129], [84.63581085205078, 28.187583923339844], [84.63744354248047, 28.189300537109375], [84.63973236083984, 28.192453384399414], [84.64137268066406, 28.195314407348633], [84.64268493652344, 28.197891235351562], [84.64334869384766, 28.200185775756836], [84.64337158203125, 28.20421028137207], [84.64338684082031, 28.207937240600586], [84.64276123046875, 28.211103439331055], [84.64212799072266, 28.21368980407715], [84.64054107666016, 28.220016479492188], [84.63896179199219, 28.228065490722656], [84.63994598388672, 28.23064422607422], [84.6402816772461, 28.23207664489746], [84.64028930664062, 28.23322296142578], [84.64127349853516, 28.234655380249023], [84.64192962646484, 28.236371994018555], [84.64258575439453, 28.237810134887695], [84.6438980102539, 28.239519119262695], [84.6448745727539, 28.240665435791016], [84.64683532714844, 28.242666244506836], [84.64814758300781, 28.244384765625], [84.64978790283203, 28.24724578857422], [84.6517562866211, 28.2509708404541], [84.65274810791016, 28.253549575805664], [84.65341186523438, 28.256711959838867], [84.65440368652344, 28.259859085083008], [84.65605163574219, 28.26387596130371], [84.65672302246094, 28.267026901245117], [84.65672302246094, 28.268173217773438], [84.65673828125, 28.270763397216797], [84.6561050415039, 28.273351669311523], [84.6551513671875, 28.276222229003906], [84.65419006347656, 28.2788143157959], [84.65291595458984, 28.283132553100586], [84.6526107788086, 28.287151336669922], [84.65296173095703, 28.29116439819336], [84.65361785888672, 28.292600631713867], [84.6542739868164, 28.29374885559082], [84.65525817871094, 28.29546356201172], [84.65592193603516, 28.296899795532227], [84.6572265625, 28.298898696899414], [84.65821075439453, 28.300621032714844], [84.65985107421875, 28.303194046020508], [84.66116333007812, 28.305490493774414], [84.66248321533203, 28.307777404785156], [84.66346740722656, 28.309499740600586], [84.66510772705078, 28.312650680541992], [84.665771484375, 28.314655303955078], [84.6670913696289, 28.318090438842773], [84.66807556152344, 28.320388793945312], [84.66939544677734, 28.323822021484375], [84.66973876953125, 28.3264102935791], [84.67039489746094, 28.328126907348633], [84.67106628417969, 28.33070945739746], [84.67205047607422, 28.33300018310547], [84.67272186279297, 28.33616065979004], [84.67469024658203, 28.339017868041992], [84.67794799804688, 28.34072494506836], [84.68120574951172, 28.341854095458984], [84.68413543701172, 28.343276977539062], [84.68805694580078, 28.34613037109375], [84.69099426269531, 28.348987579345703], [84.69296264648438, 28.351564407348633], [84.69525909423828, 28.354997634887695], [84.69657897949219, 28.35843849182129], [84.69627380371094, 28.361600875854492], [84.69434356689453, 28.364194869995117], [84.69304656982422, 28.365345001220703], [84.68690490722656, 28.370548248291016], [84.68592834472656, 28.371126174926758], [84.68399047851562, 28.37314224243164], [84.68270111083984, 28.374591827392578], [84.6804428100586, 28.377466201782227], [84.67948150634766, 28.38005828857422], [84.6791763305664, 28.383220672607422], [84.67855072021484, 28.387243270874023], [84.6772689819336, 28.39040756225586], [84.67501068115234, 28.393003463745117], [84.67274475097656, 28.39588737487793], [84.67081451416016, 28.398481369018555], [84.6685562133789, 28.401357650756836], [84.66112518310547, 28.410009384155273], [84.66014862060547, 28.41058921813965], [84.65788269042969, 28.41232681274414], [84.65497589111328, 28.41520881652832], [84.65335845947266, 28.416940689086914], [84.6501235961914, 28.420394897460938], [84.648193359375, 28.423564910888672], [84.64691162109375, 28.427595138549805], [84.64563751220703, 28.431903839111328], [84.64434814453125, 28.434497833251953], [84.64370727539062, 28.435651779174805], [84.64144897460938, 28.439104080200195], [84.63756561279297, 28.44314193725586], [84.63529968261719, 28.444591522216797], [84.63270568847656, 28.446035385131836], [84.62945556640625, 28.446340560913086], [84.62554931640625, 28.446929931640625], [84.62067413330078, 28.44695281982422], [84.61676788330078, 28.446109771728516], [84.6131820678711, 28.4455509185791], [84.60928344726562, 28.445852279663086], [84.60538482666016, 28.4478759765625], [84.6031265258789, 28.45018196105957], [84.60053253173828, 28.453357696533203], [84.59795379638672, 28.45681381225586], [84.59634399414062, 28.46083641052246], [84.59441375732422, 28.464862823486328], [84.59183502197266, 28.468894958496094], [84.58697509765625, 28.474088668823242], [84.58503723144531, 28.475812911987305], [84.58146667480469, 28.478412628173828], [84.57432556152344, 28.481027603149414], [84.56914520263672, 28.487367630004883], [84.56980895996094, 28.4893741607666], [84.56980895996094, 28.490520477294922], [84.56949615478516, 28.492536544799805], [84.56953430175781, 28.500856399536133], [84.56986999511719, 28.50258445739746], [84.57085418701172, 28.504587173461914], [84.57249450683594, 28.507450103759766], [84.573486328125, 28.509742736816406], [84.5738296508789, 28.51347541809082], [84.57318878173828, 28.51634979248047], [84.57255554199219, 28.51865005493164], [84.57093811035156, 28.521814346313477], [84.56932830810547, 28.5252685546875], [84.56771850585938, 28.52843475341797], [84.5664291381836, 28.53159523010254], [84.56416320800781, 28.534757614135742], [84.562255859375, 28.543386459350586], [84.56259155273438, 28.545394897460938], [84.56292724609375, 28.54854965209961], [84.56261444091797, 28.55113410949707], [84.56002044677734, 28.55315399169922], [84.55774688720703, 28.554882049560547], [84.55547332763672, 28.55575180053711], [84.55418395996094, 28.558055877685547], [84.55387115478516, 28.56121826171875], [84.5535659790039, 28.565237045288086], [84.55325317382812, 28.568397521972656], [84.55294036865234, 28.57155990600586], [84.55296325683594, 28.57557487487793], [84.55265808105469, 28.580171585083008], [84.55235290527344, 28.584190368652344], [84.5513916015625, 28.587926864624023], [84.55042266845703, 28.590517044067383], [84.54914093017578, 28.594545364379883], [84.54817962646484, 28.59827995300293], [84.54689025878906, 28.601730346679688], [84.54560852050781, 28.605470657348633], [84.54496765136719, 28.60833740234375], [84.5446548461914, 28.61092185974121], [84.54434204101562, 28.613794326782227], [84.54435729980469, 28.61695098876953], [84.54469299316406, 28.620115280151367], [84.54569244384766, 28.625276565551758], [84.54570770263672, 28.627578735351562], [84.54344177246094, 28.63102912902832], [84.53890991210938, 28.636783599853516], [84.53761291503906, 28.63937759399414], [84.53697204589844, 28.642253875732422], [84.53633117675781, 28.64397430419922], [84.53373718261719, 28.646282196044922], [84.53113555908203, 28.648012161254883], [84.52820587158203, 28.649456024169922], [84.52528381347656, 28.652633666992188], [84.5262680053711, 28.6540584564209], [84.52889251708984, 28.656633377075195], [84.52955627441406, 28.65950584411621], [84.5279312133789, 28.661802291870117], [84.52566528320312, 28.663827896118164], [84.52241516113281, 28.6661319732666], [84.52046203613281, 28.668153762817383], [84.51917266845703, 28.6701602935791], [84.51820373535156, 28.673328399658203], [84.51757049560547, 28.67677116394043], [84.5188980102539, 28.682506561279297], [84.52021026611328, 28.68509292602539], [84.52217864990234, 28.687097549438477], [84.5238265991211, 28.69110679626465], [84.52220153808594, 28.692834854125977], [84.51959991455078, 28.69399642944336], [84.51634216308594, 28.694578170776367], [84.5124282836914, 28.695453643798828], [84.50787353515625, 28.69661521911621], [84.50494384765625, 28.69806671142578], [84.5016860961914, 28.700082778930664], [84.49844360351562, 28.703540802001953], [84.49681854248047, 28.70555877685547], [84.49520111083984, 28.707857131958008], [84.49227905273438, 28.71160125732422], [84.4893569946289, 28.71534538269043], [84.48709106445312, 28.71937370300293], [84.48677825927734, 28.723390579223633], [84.48809814453125, 28.725969314575195], [84.49071502685547, 28.729122161865234], [84.49301147460938, 28.731698989868164], [84.49368286132812, 28.73686408996582]]]}}, {"type": "Feature", "id": 24, "properties": {"DISTRICT": "BAGLUNG"}, "geometry": {"type": "Polygon", "coordinates": [[[82.88410949707031, 28.475791931152344], [82.8848648071289, 28.477130889892578], [82.88681030273438, 28.478561401367188], [82.88875579833984, 28.479143142700195], [82.89134979248047, 28.47913932800293], [82.89362335205078, 28.479145050048828], [82.89557647705078, 28.478853225708008], [82.8991470336914, 28.47828483581543], [82.90206909179688, 28.47713851928711], [82.90531158447266, 28.47599220275879], [82.90888214111328, 28.475135803222656], [82.91082763671875, 28.475139617919922], [82.91374969482422, 28.476282119750977], [82.91537475585938, 28.477720260620117], [82.91602325439453, 28.479442596435547], [82.91374969482422, 28.482593536376953], [82.91179656982422, 28.48402976989746], [82.91017150878906, 28.485172271728516], [82.9085464477539, 28.486610412597656], [82.90660095214844, 28.487751007080078], [82.90432739257812, 28.489763259887695], [82.90270233154297, 28.491193771362305], [82.90010070800781, 28.493486404418945], [82.89815521240234, 28.495203018188477], [82.89620208740234, 28.497785568237305], [82.89490509033203, 28.499223709106445], [82.89262390136719, 28.502084732055664], [82.89099884033203, 28.504379272460938], [82.89002990722656, 28.505531311035156], [82.88807678222656, 28.507247924804688], [82.88580322265625, 28.50896453857422], [82.88287353515625, 28.510976791381836], [82.88059997558594, 28.513269424438477], [82.87995147705078, 28.51555633544922], [82.8815689086914, 28.516138076782227], [82.88319396972656, 28.515844345092773], [82.88514709472656, 28.51527214050293], [82.88806915283203, 28.51470375061035], [82.89034271240234, 28.514997482299805], [82.89358520507812, 28.515853881835938], [82.89617919921875, 28.51614761352539], [82.89845275878906, 28.516433715820312], [82.90040588378906, 28.516427993774414], [82.90267944335938, 28.516433715820312], [82.90311431884766, 28.516386032104492], [82.90350341796875, 28.516586303710938], [82.90776062011719, 28.519207000732422], [82.91118621826172, 28.52144432067871], [82.9117660522461, 28.5224609375], [82.91273498535156, 28.523895263671875], [82.91338348388672, 28.52532958984375], [82.91436004638672, 28.52562141418457], [82.91597747802734, 28.52648162841797], [82.91695404052734, 28.52877426147461], [82.91695404052734, 28.53107261657715], [82.91694641113281, 28.53192901611328], [82.91694641113281, 28.53365135192871], [82.9166259765625, 28.535083770751953], [82.91661834716797, 28.53680419921875], [82.91661834716797, 28.539382934570312], [82.91661834716797, 28.54168128967285], [82.91693878173828, 28.54340362548828], [82.91693878173828, 28.54569435119629], [82.9172592163086, 28.54684829711914], [82.9172592163086, 28.548282623291016], [82.9172592163086, 28.549427032470703], [82.9175796508789, 28.551437377929688], [82.91790771484375, 28.553152084350586], [82.91790771484375, 28.55401611328125], [82.91822814941406, 28.555740356445312], [82.9182357788086, 28.555770874023438], [82.91807556152344, 28.55757713317871], [82.91773986816406, 28.559606552124023], [82.91773223876953, 28.559833526611328], [82.91790008544922, 28.562103271484375], [82.92345428466797, 28.56453514099121], [82.9267807006836, 28.564863204956055], [82.93168640136719, 28.564102172851562], [82.9350814819336, 28.56239128112793], [82.94060516357422, 28.55893325805664], [82.9476547241211, 28.55574607849121], [82.95132446289062, 28.553815841674805], [82.9567642211914, 28.55239486694336], [82.95697021484375, 28.552316665649414], [82.96045684814453, 28.552597045898438], [82.96240997314453, 28.55231285095215], [82.96533203125, 28.552309036254883], [82.96695709228516, 28.551158905029297], [82.96793365478516, 28.548870086669922], [82.96858215332031, 28.546283721923828], [82.97020721435547, 28.543420791625977], [82.97280883789062, 28.541118621826172], [82.9747543334961, 28.540266036987305], [82.97637939453125, 28.540836334228516], [82.97865295410156, 28.543987274169922], [82.97962951660156, 28.54599952697754], [82.98059844970703, 28.548290252685547], [82.98189544677734, 28.550870895385742], [82.98287200927734, 28.55288314819336], [82.98416900634766, 28.555753707885742], [82.98514556884766, 28.556900024414062], [82.98644256591797, 28.55890464782715], [82.98773956298828, 28.561485290527344], [82.98839569091797, 28.563207626342773], [82.98871612548828, 28.565786361694336], [82.98806762695312, 28.567506790161133], [82.98709106445312, 28.570093154907227], [82.98481750488281, 28.5723876953125], [82.98384094238281, 28.573251724243164], [82.9796142578125, 28.575542449951172], [82.97734069824219, 28.576114654541016], [82.97473907470703, 28.57784080505371], [82.9721450805664, 28.579269409179688], [82.9692153930664, 28.580127716064453], [82.96726989746094, 28.581565856933594], [82.96466827392578, 28.583572387695312], [82.96271514892578, 28.585866928100586], [82.96141815185547, 28.588163375854492], [82.95978546142578, 28.59074592590332], [82.95913696289062, 28.593034744262695], [82.95783233642578, 28.59647560119629], [82.95751190185547, 28.59935188293457], [82.95783233642578, 28.603363037109375], [82.95848083496094, 28.606809616088867], [82.9601058959961, 28.610246658325195], [82.9614028930664, 28.613117218017578], [82.96367645263672, 28.61598777770996], [82.96464538574219, 28.61713409423828], [82.96854400634766, 28.620288848876953], [82.97212219238281, 28.621721267700195], [82.97407531738281, 28.62229347229004], [82.97732543945312, 28.622867584228516], [82.9812240600586, 28.622875213623047], [82.98284912109375, 28.623445510864258], [82.98512268066406, 28.6248836517334], [82.98902130126953, 28.625450134277344], [82.99162292480469, 28.625165939331055], [82.99292755126953, 28.624591827392578], [82.99520111083984, 28.624019622802734], [82.99715423583984, 28.623157501220703], [82.99813079833984, 28.622581481933594], [83.00072479248047, 28.62200927734375], [83.00138092041016, 28.621435165405273], [83.00463104248047, 28.62028694152832], [83.00788116455078, 28.620859146118164], [83.00885009765625, 28.620861053466797], [83.01048278808594, 28.620864868164062], [83.01275634765625, 28.620859146118164], [83.01470184326172, 28.620574951171875], [83.01860809326172, 28.619714736938477], [83.02250671386719, 28.618846893310547], [83.02348327636719, 28.619714736938477], [83.02413177490234, 28.620283126831055], [83.02543640136719, 28.62114143371582], [83.02738189697266, 28.622289657592773], [83.02900695800781, 28.62286949157715], [83.03128051757812, 28.623729705810547], [83.03356170654297, 28.62372398376465], [83.03616333007812, 28.62343978881836], [83.03778839111328, 28.62343406677246], [83.0400619506836, 28.624582290649414], [83.0420150756836, 28.625730514526367], [83.0452651977539, 28.626880645751953], [83.04721069335938, 28.62716293334961], [83.04883575439453, 28.6265869140625], [83.05046081542969, 28.625436782836914], [83.05176544189453, 28.624004364013672], [83.05403900146484, 28.6225643157959], [83.0556640625, 28.621421813964844], [83.05858612060547, 28.61969566345215], [83.06086730957031, 28.618553161621094], [83.06216430664062, 28.618257522583008], [83.06346130371094, 28.61825942993164], [83.06476593017578, 28.618261337280273], [83.0670394897461, 28.619121551513672], [83.06964111328125, 28.619691848754883], [83.07159423828125, 28.620262145996094], [83.07451629638672, 28.620834350585938], [83.07678985595703, 28.62140464782715], [83.08004760742188, 28.622554779052734], [83.08296966552734, 28.62455940246582], [83.08622741699219, 28.627710342407227], [83.08818054199219, 28.628856658935547], [83.0914306640625, 28.63057518005371], [83.09403228759766, 28.631433486938477], [83.09663391113281, 28.63258171081543], [83.09923553466797, 28.632863998413086], [83.10215759277344, 28.633155822753906], [83.10508728027344, 28.633150100708008], [83.1076889038086, 28.63257598876953], [83.1099624633789, 28.631423950195312], [83.11158752441406, 28.630271911621094], [83.11319732666016, 28.629276275634766], [83.11471557617188, 28.629304885864258], [83.11580657958984, 28.62797737121582], [83.11320495605469, 28.627695083618164], [83.11190795898438, 28.62769317626953], [83.10995483398438, 28.626834869384766], [83.10930633544922, 28.62482261657715], [83.10930633544922, 28.622533798217773], [83.10994720458984, 28.6193790435791], [83.10994720458984, 28.61651039123535], [83.10897064208984, 28.61421012878418], [83.107666015625, 28.611919403076172], [83.10636901855469, 28.608762741088867], [83.10604095458984, 28.60589599609375], [83.10700988769531, 28.60359764099121], [83.10863494873047, 28.600730895996094], [83.10993194580078, 28.59814453125], [83.11155700683594, 28.595279693603516], [83.1122055053711, 28.592981338500977], [83.1125259399414, 28.590681076049805], [83.11317443847656, 28.587526321411133], [83.11317443847656, 28.58494758605957], [83.11349487304688, 28.58264923095703], [83.11381530761719, 28.57892608642578], [83.11381530761719, 28.576627731323242], [83.11380767822266, 28.57404899597168], [83.11283111572266, 28.572036743164062], [83.11023712158203, 28.57061004638672], [83.10697937011719, 28.569461822509766], [83.10503387451172, 28.56745719909668], [83.10405731201172, 28.564878463745117], [83.10404968261719, 28.562002182006836], [83.10437774658203, 28.560001373291016], [83.10469818115234, 28.55856704711914], [83.1053466796875, 28.556556701660156], [83.10599517822266, 28.554258346557617], [83.10566711425781, 28.55196762084961], [83.10599517822266, 28.551103591918945], [83.10664367675781, 28.54909324645996], [83.10696411132812, 28.547948837280273], [83.10728454589844, 28.546794891357422], [83.10728454589844, 28.54593849182129], [83.10728454589844, 28.54479217529297], [83.10663604736328, 28.54134750366211], [83.10858154296875, 28.540773391723633], [83.11117553710938, 28.539621353149414], [83.11312866210938, 28.53875732421875], [83.11410522460938, 28.538190841674805], [83.11605072021484, 28.537038803100586], [83.11669921875, 28.53617286682129], [83.11799621582031, 28.53531837463379], [83.11929321289062, 28.534452438354492], [83.12091827392578, 28.533588409423828], [83.12286376953125, 28.53301429748535], [83.12384033203125, 28.532438278198242], [83.12513732910156, 28.532150268554688], [83.1264419555664, 28.531862258911133], [83.12935638427734, 28.52869987487793], [83.13065338134766, 28.525833129882812], [83.13065338134766, 28.52440071105957], [83.13130187988281, 28.52152442932129], [83.13162231445312, 28.519811630249023], [83.1325912475586, 28.517513275146484], [83.13323974609375, 28.51607894897461], [83.13453674316406, 28.514638900756836], [83.13551330566406, 28.51320457458496], [83.13648223876953, 28.511484146118164], [83.13681030273438, 28.510330200195312], [83.137451171875, 28.50775146484375], [83.13777923583984, 28.50545310974121], [83.13777160644531, 28.50430679321289], [83.13744354248047, 28.502296447753906], [83.13744354248047, 28.50115203857422], [83.13777160644531, 28.499717712402344], [83.13776397705078, 28.49828338623047], [83.13776397705078, 28.497419357299805], [83.13776397705078, 28.496562957763672], [83.13743591308594, 28.493982315063477], [83.14295959472656, 28.494834899902344], [83.1468505859375, 28.494827270507812], [83.1488037109375, 28.494829177856445], [83.15074920654297, 28.49454116821289], [83.15172576904297, 28.49453353881836], [83.15367126464844, 28.49453353881836], [83.1552963256836, 28.494813919067383], [83.15789031982422, 28.49510383605957], [83.16178894042969, 28.495386123657227], [83.16439056396484, 28.495378494262695], [83.16633605957031, 28.49451446533203], [83.16860961914062, 28.49308204650879], [83.1705551147461, 28.492504119873047], [83.1728286743164, 28.49220848083496], [83.17639923095703, 28.492778778076172], [83.17737579345703, 28.493066787719727], [83.17964935302734, 28.493925094604492], [83.18192291259766, 28.49449348449707], [83.18387603759766, 28.49506187438965], [83.18517303466797, 28.495351791381836], [83.18679809570312, 28.495920181274414], [83.19232177734375, 28.49705696105957], [83.19524383544922, 28.49762725830078], [83.19751739501953, 28.49762725830078], [83.200439453125, 28.497907638549805], [83.20336151123047, 28.498476028442383], [83.20498657226562, 28.49904441833496], [83.2079086303711, 28.50019073486328], [83.2098617553711, 28.5021915435791], [83.21214294433594, 28.504194259643555], [83.2147445678711, 28.50735092163086], [83.2166976928711, 28.509641647338867], [83.2186508178711, 28.511075973510742], [83.22222900390625, 28.513076782226562], [83.2238540649414, 28.513935089111328], [83.22807312011719, 28.51421356201172], [83.2303466796875, 28.514205932617188], [83.23197174072266, 28.514205932617188], [83.23456573486328, 28.51333999633789], [83.23780822753906, 28.510173797607422], [83.23943328857422, 28.509029388427734], [83.24267578125, 28.50729751586914], [83.24462127685547, 28.506431579589844], [83.2481918334961, 28.504987716674805], [83.24981689453125, 28.503843307495117], [83.25208282470703, 28.500965118408203], [83.25531768798828, 28.497800827026367], [83.25694274902344, 28.4969425201416], [83.26051330566406, 28.49606704711914], [83.26213836669922, 28.49549102783203], [83.26505279541016, 28.49491310119629], [83.26830291748047, 28.4946231842041], [83.27381896972656, 28.49374771118164], [83.27576446533203, 28.49287986755371], [83.27836608886719, 28.492013931274414], [83.28031158447266, 28.49057960510254], [83.2825698852539, 28.48798942565918], [83.28386688232422, 28.4851131439209], [83.28677368164062, 28.48080062866211], [83.28807067871094, 28.4785099029541], [83.29033660888672, 28.475631713867188], [83.2916259765625, 28.474197387695312], [83.29389953613281, 28.47304344177246], [83.29843139648438, 28.469587326049805], [83.29972839355469, 28.46815299987793], [83.30134582519531, 28.46556282043457], [83.30296325683594, 28.46269416809082], [83.30392456054688, 28.45924949645996], [83.30391693115234, 28.4558048248291], [83.30390930175781, 28.453216552734375], [83.30227661132812, 28.45035743713379], [83.29967498779297, 28.448348999023438], [83.29609680175781, 28.44692611694336], [83.2928466796875, 28.445781707763672], [83.28960418701172, 28.444936752319336], [83.28700256347656, 28.444080352783203], [83.28375244140625, 28.442079544067383], [83.28211975097656, 28.439502716064453], [83.28308868408203, 28.43605613708496], [83.28502655029297, 28.43317985534668], [83.2866439819336, 28.431743621826172], [83.28826141357422, 28.429733276367188], [83.29051971435547, 28.425132751464844], [83.2934341430664, 28.422542572021484], [83.29634857177734, 28.420530319213867], [83.29894256591797, 28.419086456298828], [83.30120849609375, 28.416217803955078], [83.30119323730469, 28.413339614868164], [83.300537109375, 28.41105079650879], [83.29923248291016, 28.40818214416504], [83.29727935791016, 28.40560531616211], [83.295654296875, 28.4033145904541], [83.29467010498047, 28.399581909179688], [83.29401397705078, 28.39671516418457], [83.2927017211914, 28.394136428833008], [83.2904281616211, 28.391559600830078], [83.2884750366211, 28.38899040222168], [83.2865219116211, 28.386411666870117], [83.28553771972656, 28.383544921875], [83.28585052490234, 28.380388259887695], [83.2864990234375, 28.378376007080078], [83.28713989257812, 28.37578773498535], [83.28874206542969, 28.369186401367188], [83.28938293457031, 28.367752075195312], [83.29132843017578, 28.36545181274414], [83.29424285888672, 28.36400604248047], [83.29715728759766, 28.363428115844727], [83.3000717163086, 28.361982345581055], [83.30233764648438, 28.359682083129883], [83.303955078125, 28.35738182067871], [83.3055648803711, 28.354801177978516], [83.30815887451172, 28.354501724243164], [83.30913543701172, 28.354501724243164], [83.31172943115234, 28.354209899902344], [83.3169174194336, 28.35505485534668], [83.3201675415039, 28.35590934753418], [83.32308197021484, 28.35676383972168], [83.32633972167969, 28.359331130981445], [83.32894134521484, 28.36161994934082], [83.33316040039062, 28.36332893371582], [83.3380355834961, 28.36503791809082], [83.3403091430664, 28.36589241027832], [83.34387969970703, 28.367891311645508], [83.34745025634766, 28.369033813476562], [83.34972381591797, 28.369600296020508], [83.35264587402344, 28.369876861572266], [83.35491943359375, 28.370153427124023], [83.35945892333984, 28.36985969543457], [83.36431884765625, 28.3684024810791], [83.36658477783203, 28.367822647094727], [83.37079620361328, 28.36551856994629], [83.37403106689453, 28.36350440979004], [83.3759765625, 28.362058639526367], [83.37791442871094, 28.36062240600586], [83.3798599243164, 28.359176635742188], [83.38243865966797, 28.35629653930664], [83.38470458984375, 28.35542869567871], [83.38697814941406, 28.355424880981445], [83.39054870605469, 28.35684585571289], [83.39217376708984, 28.357419967651367], [83.39379119873047, 28.356264114379883], [83.39605712890625, 28.354249954223633], [83.39994812011719, 28.353946685791016], [83.40351867675781, 28.354511260986328], [83.40644073486328, 28.355363845825195], [83.40968322753906, 28.355926513671875], [83.41228485107422, 28.356203079223633], [83.41423034667969, 28.355911254882812], [83.41649627685547, 28.35504150390625], [83.4210205078125, 28.351869583129883], [83.42230987548828, 28.35014533996582], [83.42424774169922, 28.346975326538086], [83.42650604248047, 28.343814849853516], [83.4284439086914, 28.342090606689453], [83.43135070800781, 28.34064292907715], [83.43460083007812, 28.340627670288086], [83.43719482421875, 28.340904235839844], [83.43914031982422, 28.341188430786133], [83.44205474853516, 28.34031867980957], [83.44367218017578, 28.339160919189453], [83.44528198242188, 28.33656883239746], [83.44591522216797, 28.333412170410156], [83.4465560913086, 28.330541610717773], [83.44881439208984, 28.32823944091797], [83.45075225830078, 28.327369689941406], [83.45399475097656, 28.327075958251953], [83.45691680908203, 28.32706069946289], [83.46047973632812, 28.32647705078125], [83.4627456665039, 28.326175689697266], [83.46663665771484, 28.325590133666992], [83.4708480834961, 28.324996948242188], [83.4721450805664, 28.324705123901367], [83.47473907470703, 28.324411392211914], [83.47991943359375, 28.323246002197266], [83.48284149169922, 28.32294273376465], [83.486083984375, 28.322649002075195], [83.49095153808594, 28.322908401489258], [83.49354553222656, 28.323192596435547], [83.49808502197266, 28.323741912841797], [83.5029525756836, 28.32372283935547], [83.50457000732422, 28.323719024658203], [83.50780487060547, 28.321979522705078], [83.51039123535156, 28.320539474487305], [83.51297760009766, 28.318801879882812], [83.51686096191406, 28.31707191467285], [83.52010345458984, 28.316476821899414], [83.52399444580078, 28.316747665405273], [83.52722930908203, 28.31558609008789], [83.5307846069336, 28.313854217529297], [83.5320816040039, 28.312986373901367], [83.53369140625, 28.311538696289062], [83.53660583496094, 28.309520721435547], [83.53789520263672, 28.308940887451172], [83.53984069824219, 28.30864715576172], [83.54178619384766, 28.30864143371582], [83.54276275634766, 28.30891990661621], [83.54503631591797, 28.310348510742188], [83.54764556884766, 28.31234359741211], [83.54991912841797, 28.313194274902344], [83.55121612548828, 28.31376075744629], [83.55252075195312, 28.31462287902832], [83.5544662475586, 28.315185546875], [83.5567398071289, 28.315460205078125], [83.55933380126953, 28.315732955932617], [83.56063079833984, 28.316017150878906], [83.562255859375, 28.31601333618164], [83.56355285644531, 28.316001892089844], [83.56517028808594, 28.315998077392578], [83.5667953491211, 28.315704345703125], [83.56906127929688, 28.315689086914062], [83.5706787109375, 28.315107345581055], [83.57295227050781, 28.314523696899414], [83.5742416381836, 28.314231872558594], [83.57683563232422, 28.3133602142334], [83.578125, 28.31277847290039], [83.58007049560547, 28.311906814575195], [83.58135986328125, 28.311046600341797], [83.58297729492188, 28.310176849365234], [83.58427429199219, 28.309885025024414], [83.58686065673828, 28.3087215423584], [83.58912658691406, 28.30756187438965], [83.59073638916016, 28.306690216064453], [83.59332275390625, 28.304672241210938], [83.59590148925781, 28.302654266357422], [83.59719848632812, 28.30178451538086], [83.5984878540039, 28.300914764404297], [83.59977722167969, 28.300052642822266], [83.60075378417969, 28.299762725830078], [83.60269165039062, 28.298891067504883], [83.60398864746094, 28.298309326171875], [83.60625457763672, 28.298294067382812], [83.60688781738281, 28.29542350769043], [83.60686492919922, 28.29140853881836], [83.60782623291016, 28.28939437866211], [83.60911560058594, 28.288236618041992], [83.61040496826172, 28.28679847717285], [83.6107177734375, 28.28507423400879], [83.61038208007812, 28.283063888549805], [83.61004638671875, 28.281341552734375], [83.60971069335938, 28.27962875366211], [83.61002349853516, 28.27703857421875], [83.61033630371094, 28.275314331054688], [83.61097717285156, 28.274456024169922], [83.61289978027344, 28.270427703857422], [83.613525390625, 28.267547607421875], [83.61448669433594, 28.265533447265625], [83.61576843261719, 28.26266098022461], [83.61608123779297, 28.261226654052734], [83.6180191040039, 28.258920669555664], [83.61865997314453, 28.257762908935547], [83.61962127685547, 28.25690269470215], [83.62059020996094, 28.25603485107422], [83.6231689453125, 28.253437042236328], [83.6250991821289, 28.251708984375], [83.62671661376953, 28.250837326049805], [83.62833404541016, 28.250255584716797], [83.6305923461914, 28.249094009399414], [83.63188934326172, 28.24852180480957], [83.63447570800781, 28.24764633178711], [83.6367416381836, 28.247053146362305], [83.6380386352539, 28.24675941467285], [83.64061737060547, 28.24560546875], [83.64191436767578, 28.245025634765625], [83.64320373535156, 28.243865966796875], [83.64643096923828, 28.24126625061035], [83.648681640625, 28.23895835876465], [83.65093994140625, 28.237796783447266], [83.65386199951172, 28.237497329711914], [83.65676879882812, 28.23719024658203], [83.65904235839844, 28.2371826171875], [83.66033172607422, 28.23689079284668], [83.66259002685547, 28.235151290893555], [83.66419982910156, 28.233421325683594], [83.66678619384766, 28.232547760009766], [83.66807556152344, 28.23167610168457], [83.67034149169922, 28.230812072753906], [83.67098236083984, 28.23023223876953], [83.67388916015625, 28.228200912475586], [83.67485046386719, 28.22647476196289], [83.67613220214844, 28.22389030456543], [83.6767578125, 28.22130012512207], [83.6773910522461, 28.219005584716797], [83.67737579345703, 28.216705322265625], [83.67704010009766, 28.214982986450195], [83.67671203613281, 28.213550567626953], [83.67572021484375, 28.211261749267578], [83.67538452148438, 28.209251403808594], [83.67440032958984, 28.20753288269043], [83.67374420166016, 28.205820083618164], [83.67372131347656, 28.202943801879883], [83.6707992553711, 28.20123863220215], [83.66819763183594, 28.1998233795166], [83.6668930053711, 28.19896125793457], [83.66461181640625, 28.197256088256836], [83.6629867553711, 28.19582748413086], [83.66070556640625, 28.193832397460938], [83.65875244140625, 28.191835403442383], [83.65711975097656, 28.190406799316406], [83.6554946899414, 28.18897819519043], [83.65321350097656, 28.186983108520508], [83.65158081054688, 28.185266494750977], [83.64994812011719, 28.18326759338379], [83.64897155761719, 28.182126998901367], [83.64765930175781, 28.18012809753418], [83.64700317382812, 28.17897605895996], [83.64635467529297, 28.177831649780273], [83.6460189819336, 28.176687240600586], [83.64568328857422, 28.174396514892578], [83.6459732055664, 28.16951560974121], [83.64530181884766, 28.165494918823242], [83.64398956298828, 28.162919998168945], [83.64268493652344, 28.161209106445312], [83.64202117919922, 28.15862274169922], [83.641357421875, 28.156333923339844], [83.64102172851562, 28.15432357788086], [83.64068603515625, 28.152889251708984], [83.6403579711914, 28.152034759521484], [83.6400146484375, 28.14945411682129], [83.6409683227539, 28.14629364013672], [83.64094543457031, 28.141983032226562], [83.64093017578125, 28.13998031616211], [83.63993835449219, 28.136825561523438], [83.63960266113281, 28.135393142700195], [83.63796997070312, 28.133106231689453], [83.63634490966797, 28.131389617919922], [83.63471221923828, 28.12910270690918], [83.63307189941406, 28.126529693603516], [83.63111877441406, 28.124523162841797], [83.62818908691406, 28.122251510620117], [83.62623596191406, 28.120534896850586], [83.6233139038086, 28.118541717529297], [83.6213607788086, 28.117401123046875], [83.61941528320312, 28.116262435913086], [83.61681365966797, 28.114845275878906], [83.61454010009766, 28.113706588745117], [83.61259460449219, 28.11227798461914], [83.61064147949219, 28.110570907592773], [83.6090087890625, 28.108564376831055], [83.60802459716797, 28.106853485107422], [83.60736846923828, 28.105133056640625], [83.60638427734375, 28.10284423828125], [83.60540008544922, 28.101123809814453], [83.60474395751953, 28.099403381347656], [83.60376739501953, 28.09768295288086], [83.60310363769531, 28.095972061157227], [83.60147094726562, 28.093107223510742], [83.6004867553711, 28.091388702392578], [83.5985336303711, 28.088525772094727], [83.59722137451172, 28.08652687072754], [83.59591674804688, 28.084518432617188], [83.59493255615234, 28.08251953125], [83.5936279296875, 28.080801010131836], [83.59201049804688, 28.07994842529297], [83.59135437011719, 28.079381942749023], [83.59005737304688, 28.078807830810547], [83.5887680053711, 28.078821182250977], [83.5877914428711, 28.078535079956055], [83.58682250976562, 28.07853889465332], [83.584228515625, 28.077978134155273], [83.58164978027344, 28.079139709472656], [83.58036041259766, 28.08000946044922], [83.5797119140625, 28.08057975769043], [83.57875061035156, 28.081449508666992], [83.57810974121094, 28.082027435302734], [83.57714080810547, 28.082897186279297], [83.57422637939453, 28.082904815673828], [83.5722885131836, 28.08292007446289], [83.57066345214844, 28.082347869873047], [83.5677490234375, 28.082075119018555], [83.5651626586914, 28.081226348876953], [83.56256866455078, 28.08095359802246], [83.55966186523438, 28.08125114440918], [83.55740356445312, 28.082700729370117], [83.55547332763672, 28.085573196411133], [83.55387878417969, 28.0887451171875], [83.55355834960938, 28.09046745300293], [83.55195617675781, 28.09305191040039], [83.55101013183594, 28.096790313720703], [83.550048828125, 28.098804473876953], [83.54876708984375, 28.101106643676758], [83.5474853515625, 28.10312271118164], [83.5458755493164, 28.10456085205078], [83.54329681396484, 28.10658836364746], [83.54200744628906, 28.107736587524414], [83.54006958007812, 28.109474182128906], [83.5374984741211, 28.111780166625977], [83.53524017333984, 28.113798141479492], [83.53363037109375, 28.115236282348633], [83.5284652709961, 28.117847442626953], [83.52653503417969, 28.119285583496094], [83.52491760253906, 28.120155334472656], [83.52169036865234, 28.121318817138672], [83.51942443847656, 28.121902465820312], [83.51716613769531, 28.12363052368164], [83.51555633544922, 28.1253662109375], [83.51427459716797, 28.126802444458008], [83.5113525390625, 28.12624168395996], [83.51070404052734, 28.12538719177246], [83.50972747802734, 28.12453269958496], [83.50777435302734, 28.122236251831055], [83.50614929199219, 28.120527267456055], [83.50321960449219, 28.118242263793945], [83.4999771118164, 28.116825103759766], [83.49803161621094, 28.115962982177734], [83.49640655517578, 28.115110397338867], [83.4931640625, 28.113115310668945], [83.49057006835938, 28.11226463317871], [83.48765563964844, 28.112567901611328], [83.48507690429688, 28.113727569580078], [83.48345947265625, 28.114309310913086], [83.48087310791016, 28.11518096923828], [83.4747314453125, 28.116348266601562], [83.47311401367188, 28.116361618041992], [83.47052001953125, 28.116077423095703], [83.4688949584961, 28.11493492126465], [83.46630096435547, 28.11380386352539], [83.46370697021484, 28.111799240112305], [83.4607925415039, 28.111236572265625], [83.45885467529297, 28.112106323242188], [83.4578857421875, 28.114118576049805], [83.45597076416016, 28.11901092529297], [83.45565032958984, 28.12015724182129], [83.45500946044922, 28.121593475341797], [83.4527587890625, 28.123897552490234], [83.45081329345703, 28.123910903930664], [83.44822692871094, 28.124780654907227], [83.44661712646484, 28.12592887878418], [83.44209289550781, 28.12824821472168], [83.44015502929688, 28.128828048706055], [83.43853759765625, 28.129119873046875], [83.436279296875, 28.129701614379883], [83.43335723876953, 28.129138946533203], [83.4307632446289, 28.12799835205078], [83.42816925048828, 28.126577377319336], [83.4249267578125, 28.126014709472656], [83.42298889160156, 28.12688446044922], [83.42234802246094, 28.12803077697754], [83.42203521728516, 28.13089942932129], [83.42301940917969, 28.13290786743164], [83.42432403564453, 28.13490867614746], [83.42303466796875, 28.13692283630371], [83.42206573486328, 28.137500762939453], [83.42012786865234, 28.13865852355957], [83.41754150390625, 28.139240264892578], [83.41560363769531, 28.140398025512695], [83.41432189941406, 28.142690658569336], [83.41497802734375, 28.14470100402832], [83.41595458984375, 28.147279739379883], [83.4172592163086, 28.149288177490234], [83.41824340820312, 28.151866912841797], [83.41858673095703, 28.155590057373047], [83.41827392578125, 28.15846824645996], [83.41795349121094, 28.160470962524414], [83.41732025146484, 28.163061141967773], [83.41667938232422, 28.16535186767578], [83.4154052734375, 28.168807983398438], [83.41476440429688, 28.170812606811523], [83.41219329833984, 28.175127029418945], [83.41089630126953, 28.17570686340332], [83.4079818725586, 28.17514419555664], [83.40603637695312, 28.174001693725586], [83.40311431884766, 28.172292709350586], [83.39921569824219, 28.17029571533203], [83.39630126953125, 28.16858673095703], [83.39305114746094, 28.16687774658203], [83.39012908935547, 28.165447235107422], [83.38656616210938, 28.164316177368164], [83.38333129882812, 28.164031982421875], [83.38106536865234, 28.164901733398438], [83.37944793701172, 28.166635513305664], [83.37784576416016, 28.17008399963379], [83.37721252441406, 28.174097061157227], [83.37625885009766, 28.17754364013672], [83.37496948242188, 28.17898941040039], [83.37238311767578, 28.18100357055664], [83.37109375, 28.181293487548828], [83.37044525146484, 28.18187141418457], [83.3685073852539, 28.1827392578125], [83.36721801757812, 28.184175491333008], [83.36592864990234, 28.185611724853516], [83.36495971679688, 28.188199996948242], [83.36561584472656, 28.190210342407227], [83.3656234741211, 28.1916446685791], [83.364990234375, 28.19451332092285], [83.3611068725586, 28.196250915527344], [83.35948181152344, 28.19539451599121], [83.35688781738281, 28.1948299407959], [83.35494232177734, 28.193967819213867], [83.35234832763672, 28.192256927490234], [83.3510513305664, 28.19169044494629], [83.34942626953125, 28.1905460357666], [83.34683227539062, 28.189403533935547], [83.34520721435547, 28.1888370513916], [83.34294128417969, 28.18827247619629], [83.34002685546875, 28.187986373901367], [83.33711242675781, 28.18770980834961], [83.3332290649414, 28.188011169433594], [83.33128356933594, 28.188302993774414], [83.328369140625, 28.18888282775879], [83.32513427734375, 28.189472198486328], [83.3218994140625, 28.18947410583496], [83.31898498535156, 28.1900634765625], [83.31510162353516, 28.19035530090332], [83.31315612792969, 28.190935134887695], [83.31153869628906, 28.191225051879883], [83.30928039550781, 28.192092895507812], [83.30668640136719, 28.192960739135742], [83.30506896972656, 28.19268226623535], [83.30280303955078, 28.192684173583984], [83.30085754394531, 28.19269371032715], [83.29826354980469, 28.192127227783203], [83.29696655273438, 28.19184112548828], [83.29437255859375, 28.19098663330078], [83.29210662841797, 28.19013023376465], [83.28919219970703, 28.188997268676758], [83.28594970703125, 28.187564849853516], [83.28335571289062, 28.186710357666016], [83.28173065185547, 28.186431884765625], [83.28044128417969, 28.186431884765625], [83.27784729003906, 28.18701171875], [83.27590942382812, 28.18845558166504], [83.2752685546875, 28.19017791748047], [83.2752685546875, 28.1910343170166], [83.27494812011719, 28.192188262939453], [83.27462768554688, 28.193334579467773], [83.2736587524414, 28.19534683227539], [83.27301788330078, 28.196781158447266], [83.27204895019531, 28.19821548461914], [83.27140808105469, 28.199081420898438], [83.2688217163086, 28.200237274169922], [83.26720428466797, 28.200815200805664], [83.2652587890625, 28.201393127441406], [83.26299285888672, 28.202259063720703], [83.26170349121094, 28.202836990356445], [83.26008605957031, 28.204849243164062], [83.25879669189453, 28.206571578979492], [83.25782775878906, 28.208871841430664], [83.25718688964844, 28.21088409423828], [83.2562255859375, 28.21260643005371], [83.25492858886719, 28.214040756225586], [83.25395965576172, 28.215187072753906], [83.25072479248047, 28.216630935668945], [83.24943542480469, 28.217208862304688], [83.24813842773438, 28.21778678894043], [83.2471694946289, 28.218074798583984], [83.24490356445312, 28.21923065185547], [83.24263763427734, 28.21980857849121], [83.24134063720703, 28.22038459777832], [83.2406997680664, 28.221242904663086], [83.24005126953125, 28.221818923950195], [83.23843383789062, 28.223262786865234], [83.23617553710938, 28.22641944885254], [83.2348861694336, 28.227575302124023], [83.23423767089844, 28.228431701660156], [83.23294830322266, 28.230154037475586], [83.23133087158203, 28.231307983398438], [83.23003387451172, 28.232463836669922], [83.22874450683594, 28.234474182128906], [83.22810363769531, 28.236196517944336], [83.22648620605469, 28.23763084411621], [83.22454071044922, 28.238784790039062], [83.22293090820312, 28.241085052490234], [83.22196197509766, 28.242231369018555], [83.22002410888672, 28.24481964111328], [83.2187271118164, 28.246253967285156], [83.21646881103516, 28.24826431274414], [83.21549987792969, 28.248842239379883], [83.2132339477539, 28.251140594482422], [83.21161651611328, 28.251718521118164], [83.20967102050781, 28.252872467041016], [83.20838165283203, 28.253450393676758], [83.20611572265625, 28.254884719848633], [83.20449829101562, 28.256038665771484], [83.20255279541016, 28.257192611694336], [83.20158386230469, 28.257768630981445], [83.19738006591797, 28.26064682006836], [83.1964111328125, 28.261503219604492], [83.19576263427734, 28.2620792388916], [83.19381713867188, 28.26352310180664], [83.1928482055664, 28.264379501342773], [83.19155883789062, 28.265533447265625], [83.18994140625, 28.267255783081055], [83.18832397460938, 28.268978118896484], [83.1860580444336, 28.27098846435547], [83.18412017822266, 28.273574829101562], [83.1834716796875, 28.27444076538086], [83.18315124511719, 28.27558708190918], [83.18250274658203, 28.27674102783203], [83.18023681640625, 28.2767391204834], [83.17926788330078, 28.277029037475586], [83.17667388916016, 28.277605056762695], [83.17505645751953, 28.277324676513672], [83.17181396484375, 28.27646827697754], [83.16824340820312, 28.27532196044922], [83.16596984863281, 28.273897171020508], [83.16370391845703, 28.272172927856445], [83.16078186035156, 28.27046012878418], [83.15850830078125, 28.268457412719727], [83.15559387207031, 28.26587677001953], [83.1533203125, 28.264162063598633], [83.15169525146484, 28.26215171813965], [83.15007019042969, 28.26043701171875], [83.14812469482422, 28.25871467590332], [83.1465072631836, 28.25728988647461], [83.14423370361328, 28.254989624023438], [83.14163970947266, 28.252986907958984], [83.13936614990234, 28.251850128173828], [83.13774871826172, 28.250703811645508], [83.13612365722656, 28.24983787536621], [83.13352966308594, 28.248987197875977], [83.13191223144531, 28.248987197875977], [83.12899780273438, 28.25157356262207], [83.1277084350586, 28.252437591552734], [83.12479400634766, 28.25272560119629], [83.12155151367188, 28.252443313598633], [83.1183090209961, 28.25216293334961], [83.11442565917969, 28.2515926361084], [83.11151123046875, 28.252166748046875], [83.1098861694336, 28.252742767333984], [83.1072998046875, 28.25418472290039], [83.10503387451172, 28.255905151367188], [83.1024398803711, 28.25676918029785], [83.099853515625, 28.25792121887207], [83.09919738769531, 28.25838851928711], [83.09823608398438, 28.25907325744629], [83.09823608398438, 28.261940002441406], [83.09856414794922, 28.263662338256836], [83.09986114501953, 28.26738739013672], [83.10050964355469, 28.26911163330078], [83.10083770751953, 28.27283477783203], [83.10084533691406, 28.2733154296875], [83.10070037841797, 28.27361297607422], [83.0988540649414, 28.275146484375], [83.09701538085938, 28.276453018188477], [83.09619903564453, 28.277790069580078], [83.09512329101562, 28.279117584228516], [83.09508514404297, 28.280250549316406], [83.09454345703125, 28.28114128112793], [83.09451293945312, 28.281818389892578], [83.09393310546875, 28.283842086791992], [83.09355926513672, 28.2845458984375], [83.09114074707031, 28.28776741027832], [83.08951568603516, 28.289775848388672], [83.08789825439453, 28.292362213134766], [83.0862808227539, 28.294660568237305], [83.08110046386719, 28.298677444458008], [83.0788345336914, 28.299829483032227], [83.0775375366211, 28.300405502319336], [83.07494354248047, 28.3021240234375], [83.07365417480469, 28.303565979003906], [83.07300567626953, 28.305288314819336], [83.07300567626953, 28.308155059814453], [83.07171630859375, 28.31159782409668], [83.0710678100586, 28.313030242919922], [83.07041931152344, 28.31417465209961], [83.06847381591797, 28.316192626953125], [83.06523895263672, 28.31734275817871], [83.0629653930664, 28.31791877746582], [83.06037139892578, 28.318492889404297], [83.05875396728516, 28.319067001342773], [83.05648803710938, 28.31964111328125], [83.0532455444336, 28.321081161499023], [83.05194854736328, 28.321657180786133], [83.04773712158203, 28.325672149658203], [83.04676818847656, 28.326248168945312], [83.04449462890625, 28.326534271240234], [83.04287719726562, 28.326251983642578], [83.040283203125, 28.325393676757812], [83.03768920898438, 28.323955535888672], [83.0344467163086, 28.323095321655273], [83.03185272216797, 28.323678970336914], [83.02958679199219, 28.324251174926758], [83.02601623535156, 28.325401306152344], [83.02439880371094, 28.32597541809082], [83.02180480957031, 28.32740592956543], [83.01985931396484, 28.329133987426758], [83.01699829101562, 28.334196090698242], [83.0155029296875, 28.334590911865234], [83.01374816894531, 28.333633422851562], [83.01298522949219, 28.333385467529297], [83.01197052001953, 28.333127975463867], [83.0093994140625, 28.333505630493164], [83.00914764404297, 28.33327293395996], [83.00862121582031, 28.333709716796875], [83.00651550292969, 28.335233688354492], [83.00650787353516, 28.335460662841797], [83.00630187988281, 28.335628509521484], [83.00559997558594, 28.335731506347656], [83.00430297851562, 28.336305618286133], [83.00267791748047, 28.338891983032227], [83.00138854980469, 28.341476440429688], [82.99976348876953, 28.34491729736328], [82.99846649169922, 28.34749412536621], [82.99490356445312, 28.35065269470215], [82.99295806884766, 28.351804733276367], [82.99166107177734, 28.3526668548584], [82.98938751220703, 28.354673385620117], [82.98744201660156, 28.356393814086914], [82.98484802246094, 28.357831954956055], [82.98258209228516, 28.358692169189453], [82.98095703125, 28.35926628112793], [82.97869110107422, 28.359840393066406], [82.97317504882812, 28.359262466430664], [82.9705810546875, 28.358978271484375], [82.96863555908203, 28.35897445678711], [82.9647445678711, 28.358407974243164], [82.96247863769531, 28.35898208618164], [82.960205078125, 28.35984230041504], [82.9585189819336, 28.361534118652344], [82.95729064941406, 28.36500358581543], [82.95663452148438, 28.36873435974121], [82.95598602294922, 28.371023178100586], [82.95404052734375, 28.3756160736084], [82.9533920288086, 28.37704849243164], [82.95209503173828, 28.37992286682129], [82.95176696777344, 28.38077735900879], [82.95079803466797, 28.383363723754883], [82.94917297363281, 28.387372970581055], [82.94819641113281, 28.389101028442383], [82.94657897949219, 28.39282989501953], [82.9459228515625, 28.39483070373535], [82.94268035888672, 28.399709701538086], [82.9404067993164, 28.400859832763672], [82.93878936767578, 28.400856018066406], [82.93521881103516, 28.401145935058594], [82.93230438232422, 28.400571823120117], [82.9290542602539, 28.400564193725586], [82.92646026611328, 28.400279998779297], [82.92386627197266, 28.400562286376953], [82.92224884033203, 28.401424407958984], [82.92127227783203, 28.404298782348633], [82.92061614990234, 28.407163619995117], [82.92094421386719, 28.41031837463379], [82.92191314697266, 28.412322998046875], [82.92191314697266, 28.417200088500977], [82.91996002197266, 28.419782638549805], [82.91899108886719, 28.421213150024414], [82.91736602783203, 28.423797607421875], [82.91638946533203, 28.426382064819336], [82.91606140136719, 28.4289608001709], [82.9163818359375, 28.43153953552246], [82.91605377197266, 28.434694290161133], [82.91475677490234, 28.438133239746094], [82.91345977783203, 28.439285278320312], [82.91150665283203, 28.441001892089844], [82.90923309326172, 28.443584442138672], [82.90728759765625, 28.44559097290039], [82.90469360351562, 28.4470272064209], [82.90177154541016, 28.44817352294922], [82.89332580566406, 28.451316833496094], [82.8913803100586, 28.45246696472168], [82.88975524902344, 28.454471588134766], [82.8894271850586, 28.456769943237305], [82.8894271850586, 28.45878028869629], [82.88813018798828, 28.459922790527344], [82.88650512695312, 28.461639404296875], [82.88617706298828, 28.463937759399414], [82.8864974975586, 28.467382431030273], [82.88584899902344, 28.469959259033203], [82.8848648071289, 28.473112106323242], [82.8838882446289, 28.475406646728516], [82.88410949707031, 28.475791931152344]]]}}, {"type": "Feature", "id": 25, "properties": {"DISTRICT": "KASKI"}, "geometry": {"type": "Polygon", "coordinates": [[[84.28048706054688, 28.470991134643555], [84.27754211425781, 28.466114044189453], [84.26940155029297, 28.459815979003906], [84.26483917236328, 28.45608901977539], [84.2596206665039, 28.45121955871582], [84.25538635253906, 28.447498321533203], [84.2518081665039, 28.443771362304688], [84.25017547607422, 28.441184997558594], [84.24919128417969, 28.43803596496582], [84.24983215332031, 28.433727264404297], [84.25015258789062, 28.42798614501953], [84.24720764160156, 28.422531127929688], [84.24330139160156, 28.418519973754883], [84.23939514160156, 28.415082931518555], [84.23483276367188, 28.411643981933594], [84.23125457763672, 28.407917022705078], [84.22766876220703, 28.403045654296875], [84.22408294677734, 28.399606704711914], [84.22017669677734, 28.395305633544922], [84.22012329101562, 28.35999298095703], [84.21849060058594, 28.355403900146484], [84.21685791015625, 28.352825164794922], [84.2165298461914, 28.349660873413086], [84.21620178222656, 28.34737205505371], [84.21522521972656, 28.345069885253906], [84.21392059326172, 28.343067169189453], [84.21293640136719, 28.341062545776367], [84.21228790283203, 28.33876609802246], [84.21195983886719, 28.336467742919922], [84.21195220947266, 28.333599090576172], [84.21162414550781, 28.331300735473633], [84.20999908447266, 28.329002380371094], [84.20804595947266, 28.326427459716797], [84.20609283447266, 28.324420928955078], [84.2034912109375, 28.321264266967773], [84.20250701904297, 28.319259643554688], [84.20217895507812, 28.31609535217285], [84.20185089111328, 28.31294059753418], [84.20184326171875, 28.309494018554688], [84.2011947631836, 28.306917190551758], [84.20086669921875, 28.304908752441406], [84.19923400878906, 28.302898406982422], [84.1976089477539, 28.301177978515625], [84.1963119506836, 28.299455642700195], [84.19500732421875, 28.298309326171875], [84.19305419921875, 28.296302795410156], [84.1924057006836, 28.292861938476562], [84.19564819335938, 28.289121627807617], [84.19693756103516, 28.287397384643555], [84.19856262207031, 28.285383224487305], [84.19921112060547, 28.28424072265625], [84.1998519897461, 28.28280258178711], [84.20244598388672, 28.279922485351562], [84.20471954345703, 28.277055740356445], [84.20536804199219, 28.276473999023438], [84.20763397216797, 28.275039672851562], [84.2125015258789, 28.27216148376465], [84.21476745605469, 28.268707275390625], [84.21638488769531, 28.264402389526367], [84.21670532226562, 28.262107849121094], [84.2166976928711, 28.259239196777344], [84.2166976928711, 28.25693702697754], [84.21669006347656, 28.254926681518555], [84.2170181274414, 28.253498077392578], [84.21733856201172, 28.25119400024414], [84.2186279296875, 28.246601104736328], [84.21894836425781, 28.244308471679688], [84.21894073486328, 28.24229621887207], [84.21861267089844, 28.239709854125977], [84.21796417236328, 28.237991333007812], [84.21763610839844, 28.236268997192383], [84.2173080444336, 28.23426055908203], [84.2176284790039, 28.23224639892578], [84.2176284790039, 28.230531692504883], [84.21794891357422, 28.22793960571289], [84.21761322021484, 28.22478485107422], [84.21598052978516, 28.21961784362793], [84.21468353271484, 28.217037200927734], [84.21369934082031, 28.21416664123535], [84.21337890625, 28.21273422241211], [84.21272277832031, 28.21072769165039], [84.21141815185547, 28.206993103027344], [84.20914459228516, 28.204132080078125], [84.20589447021484, 28.20125961303711], [84.20329284667969, 28.199546813964844], [84.20166778564453, 28.19868278503418], [84.20101928710938, 28.198110580444336], [84.19744873046875, 28.196683883666992], [84.1958236694336, 28.193241119384766], [84.19841003417969, 28.190082550048828], [84.20035552978516, 28.19007682800293], [84.20360565185547, 28.19007110595703], [84.2065200805664, 28.18977928161621], [84.20879364013672, 28.1892032623291], [84.21138763427734, 28.188045501708984], [84.21365356445312, 28.186325073242188], [84.21527099609375, 28.184886932373047], [84.2168960571289, 28.18402671813965], [84.21883392333984, 28.182008743286133], [84.21981048583984, 28.180286407470703], [84.21980285644531, 28.17913246154785], [84.21979522705078, 28.17453956604004], [84.21979522705078, 28.17167091369629], [84.22010803222656, 28.169666290283203], [84.22107696533203, 28.166500091552734], [84.2220458984375, 28.163921356201172], [84.22301483154297, 28.161623001098633], [84.22334289550781, 28.16047477722168], [84.22366333007812, 28.15903663635254], [84.22333526611328, 28.158174514770508], [84.22462463378906, 28.156160354614258], [84.22592163085938, 28.15300178527832], [84.22624206542969, 28.152143478393555], [84.22689056396484, 28.150991439819336], [84.22753143310547, 28.147260665893555], [84.2294692993164, 28.14352035522461], [84.23011779785156, 28.14236831665039], [84.23076629638672, 28.141796112060547], [84.23108673095703, 28.140647888183594], [84.23139953613281, 28.13720703125], [84.22718048095703, 28.135488510131836], [84.22491455078125, 28.134342193603516], [84.22296142578125, 28.133201599121094], [84.22166442871094, 28.132057189941406], [84.22101593017578, 28.1314754486084], [84.2203598022461, 28.12946891784668], [84.2203598022461, 28.127744674682617], [84.2203598022461, 28.12660026550293], [84.22132110595703, 28.124011993408203], [84.22423553466797, 28.122005462646484], [84.22650146484375, 28.117692947387695], [84.22779083251953, 28.115102767944336], [84.22843933105469, 28.112516403198242], [84.228759765625, 28.11136817932129], [84.23004913330078, 28.10907554626465], [84.2306900024414, 28.105913162231445], [84.23101043701172, 28.103899002075195], [84.23133850097656, 28.102750778198242], [84.23133087158203, 28.10102653503418], [84.23100280761719, 28.099018096923828], [84.23035430908203, 28.097877502441406], [84.23002624511719, 28.095579147338867], [84.2267837524414, 28.097309112548828], [84.22516632080078, 28.098169326782227], [84.22225189208984, 28.099607467651367], [84.21932983398438, 28.099620819091797], [84.21771240234375, 28.098468780517578], [84.2151107788086, 28.096467971801758], [84.20960235595703, 28.09561538696289], [84.20344543457031, 28.09648323059082], [84.201171875, 28.096778869628906], [84.1976089477539, 28.096778869628906], [84.19436645507812, 28.095060348510742], [84.19144439697266, 28.0927734375], [84.18754577636719, 28.08875846862793], [84.18462371826172, 28.086750030517578], [84.18235778808594, 28.086181640625], [84.179443359375, 28.087617874145508], [84.17652893066406, 28.091068267822266], [84.17296600341797, 28.093944549560547], [84.17037963867188, 28.09510040283203], [84.1661605834961, 28.09539222717285], [84.16227722167969, 28.096538543701172], [84.1577377319336, 28.098556518554688], [84.15385437011719, 28.09913444519043], [84.14898681640625, 28.09971809387207], [84.14607238769531, 28.09943199157715], [84.13958740234375, 28.097429275512695], [84.13699340820312, 28.096860885620117], [84.1343994140625, 28.096572875976562], [84.13050842285156, 28.096580505371094], [84.12629699707031, 28.097728729248047], [84.12403106689453, 28.09859275817871], [84.12208557128906, 28.099742889404297], [84.11852264404297, 28.10232925415039], [84.11625671386719, 28.10405921936035], [84.11431121826172, 28.10491943359375], [84.11268615722656, 28.10577964782715], [84.11074829101562, 28.10664939880371], [84.09939575195312, 28.102060317993164], [84.09745025634766, 28.100919723510742], [84.09550476074219, 28.099191665649414], [84.09420776367188, 28.097476959228516], [84.09258270263672, 28.09546661376953], [84.09063720703125, 28.092880249023438], [84.08706665039062, 28.090017318725586], [84.08512115478516, 28.08944320678711], [84.08318328857422, 28.088871002197266], [84.07831573486328, 28.086862564086914], [84.0760498046875, 28.08571434020996], [84.07442474365234, 28.085147857666016], [84.07086181640625, 28.08399772644043], [84.06729888916016, 28.084291458129883], [84.06535339355469, 28.08515167236328], [84.06243896484375, 28.086585998535156], [84.05854797363281, 28.088027954101562], [84.05433654785156, 28.089750289916992], [84.05011749267578, 28.090896606445312], [84.04493713378906, 28.092914581298828], [84.04007720947266, 28.09463119506836], [84.03910064697266, 28.096071243286133], [84.0384521484375, 28.09722137451172], [84.03780364990234, 28.098081588745117], [84.03650665283203, 28.099803924560547], [84.0348892211914, 28.1009521484375], [84.0335922241211, 28.102096557617188], [84.03099822998047, 28.103248596191406], [84.02873229980469, 28.103532791137695], [84.02613830566406, 28.103540420532227], [84.02095031738281, 28.103256225585938], [84.01705932617188, 28.104976654052734], [84.01317596435547, 28.105838775634766], [84.01187896728516, 28.106693267822266], [84.01058197021484, 28.107847213745117], [84.00928497314453, 28.109569549560547], [84.00765991210938, 28.112438201904297], [84.0053939819336, 28.115880966186523], [84.00474548339844, 28.117029190063477], [84.0044174194336, 28.11817741394043], [84.0044174194336, 28.11933135986328], [84.00409698486328, 28.121047973632812], [84.0044174194336, 28.12276840209961], [84.0047378540039, 28.124500274658203], [84.0057144165039, 28.126794815063477], [84.0057144165039, 28.129663467407227], [84.0053939819336, 28.130809783935547], [84.00408935546875, 28.132244110107422], [84.00247192382812, 28.133678436279297], [84.00020599365234, 28.13425064086914], [83.99793243408203, 28.13483238220215], [83.99565887451172, 28.13569450378418], [83.9930648803711, 28.137414932250977], [83.99176788330078, 28.13942527770996], [83.989501953125, 28.141141891479492], [83.98722839355469, 28.14171600341797], [83.98431396484375, 28.142292022705078], [83.98107147216797, 28.141714096069336], [83.97750091552734, 28.14113998413086], [83.9745864868164, 28.14056968688965], [83.97166442871094, 28.14056968688965], [83.97037506103516, 28.139989852905273], [83.96453857421875, 28.138561248779297], [83.96064758300781, 28.13797950744629], [83.9583740234375, 28.139995574951172], [83.95578002929688, 28.14027976989746], [83.95415496826172, 28.140567779541016], [83.95124053955078, 28.14113426208496], [83.94831848144531, 28.14171028137207], [83.94572448730469, 28.141996383666992], [83.9434585571289, 28.142566680908203], [83.93794250488281, 28.1442928314209], [83.93697357177734, 28.144866943359375], [83.93437194824219, 28.146297454833984], [83.93242645263672, 28.148021697998047], [83.92950439453125, 28.150888442993164], [83.92723083496094, 28.154048919677734], [83.92626190185547, 28.157779693603516], [83.92625427246094, 28.160648345947266], [83.92625427246094, 28.16437339782715], [83.92560577392578, 28.166677474975586], [83.92398071289062, 28.168678283691406], [83.92170715332031, 28.170684814453125], [83.91780853271484, 28.173555374145508], [83.91067504882812, 28.177860260009766], [83.90969848632812, 28.178722381591797], [83.90742492675781, 28.180727005004883], [83.9051513671875, 28.18330955505371], [83.90320587158203, 28.18560218811035], [83.90093231201172, 28.18818473815918], [83.89703369140625, 28.19162368774414], [83.89476013183594, 28.192481994628906], [83.890869140625, 28.193342208862305], [83.88665008544922, 28.19362449645996], [83.88146209716797, 28.194190979003906], [83.87432098388672, 28.197059631347656], [83.87139892578125, 28.197343826293945], [83.86815643310547, 28.196475982666016], [83.86458587646484, 28.19618797302246], [83.8606948852539, 28.19618797302246], [83.85810089111328, 28.197328567504883], [83.85387420654297, 28.20048713684082], [83.85160064697266, 28.203060150146484], [83.84835052490234, 28.20650291442871], [83.84477996826172, 28.209081649780273], [83.8415298461914, 28.211090087890625], [83.83828735351562, 28.212522506713867], [83.83179473876953, 28.2133731842041], [83.82660675048828, 28.21308135986328], [83.82303619384766, 28.21307945251465], [83.81784057617188, 28.214500427246094], [83.8158950805664, 28.216800689697266], [83.81426239013672, 28.219379425048828], [83.8097152709961, 28.22454071044922], [83.80223846435547, 28.228261947631836], [83.80450439453125, 28.23027229309082], [83.80644989013672, 28.231996536254883], [83.80936431884766, 28.234012603759766], [83.81034088134766, 28.234872817993164], [83.8122787475586, 28.23688507080078], [83.81487274169922, 28.239471435546875], [83.81876373291016, 28.24262809753418], [83.82264709472656, 28.246362686157227], [83.82523345947266, 28.250104904174805], [83.82685089111328, 28.252973556518555], [83.82652282714844, 28.257854461669922], [83.82131958007812, 28.26043128967285], [83.8167724609375, 28.261281967163086], [83.81547546386719, 28.261566162109375], [83.81352996826172, 28.26185417175293], [83.8112564086914, 28.262136459350586], [83.8099594116211, 28.262710571289062], [83.80735778808594, 28.26270294189453], [83.80541229248047, 28.26270294189453], [83.80281066894531, 28.263273239135742], [83.80086517333984, 28.26384162902832], [83.79891967773438, 28.264698028564453], [83.79664611816406, 28.265275955200195], [83.7930679321289, 28.266408920288086], [83.79047393798828, 28.266979217529297], [83.78690338134766, 28.26812171936035], [83.78397369384766, 28.268693923950195], [83.78235626220703, 28.268980026245117], [83.77877807617188, 28.26954460144043], [83.7755355834961, 28.27040672302246], [83.77455139160156, 28.273269653320312], [83.77422332763672, 28.274127960205078], [83.77422332763672, 28.27528190612793], [83.77487182617188, 28.276426315307617], [83.77584075927734, 28.278152465820312], [83.77680969238281, 28.279870986938477], [83.77842712402344, 28.281885147094727], [83.7793960571289, 28.284469604492188], [83.77873992919922, 28.286195755004883], [83.77711486816406, 28.287338256835938], [83.77613830566406, 28.287622451782227], [83.7745132446289, 28.288196563720703], [83.7732162475586, 28.288761138916016], [83.76769256591797, 28.291336059570312], [83.7659683227539, 28.293609619140625], [83.76769256591797, 28.29557991027832], [83.77068328857422, 28.298370361328125], [83.77619171142578, 28.302579879760742], [83.77918243408203, 28.305145263671875], [83.77840423583984, 28.305580139160156], [83.77831268310547, 28.3056583404541], [83.77837371826172, 28.305706024169922], [83.77804565429688, 28.306564331054688], [83.77706909179688, 28.30771255493164], [83.77576446533203, 28.30914306640625], [83.77446746826172, 28.309717178344727], [83.77349090576172, 28.310001373291016], [83.7721939086914, 28.310285568237305], [83.7702407836914, 28.31057357788086], [83.7692642211914, 28.311145782470703], [83.7673110961914, 28.312578201293945], [83.7650375366211, 28.314292907714844], [83.76243591308594, 28.316295623779297], [83.7611312866211, 28.317726135253906], [83.75982666015625, 28.318588256835938], [83.75885009765625, 28.319738388061523], [83.7575454711914, 28.320878982543945], [83.7562484741211, 28.322021484375], [83.75559997558594, 28.32288932800293], [83.7546157836914, 28.32402992248535], [83.75299072265625, 28.32546043395996], [83.75071716308594, 28.327184677124023], [83.74876403808594, 28.328895568847656], [83.74713134765625, 28.3303279876709], [83.7458267211914, 28.331478118896484], [83.74420166015625, 28.332908630371094], [83.74322509765625, 28.333770751953125], [83.74224853515625, 28.334909439086914], [83.74159240722656, 28.336923599243164], [83.74159240722656, 28.33835792541504], [83.74158477783203, 28.339214324951172], [83.74288177490234, 28.341230392456055], [83.74059295654297, 28.34638786315918], [83.74026489257812, 28.347536087036133], [83.73896026611328, 28.349830627441406], [83.7373275756836, 28.35126304626465], [83.73504638671875, 28.353551864624023], [83.7327651977539, 28.35613250732422], [83.72918701171875, 28.35956382751465], [83.72949981689453, 28.36271858215332], [83.7294921875, 28.365875244140625], [83.72948455810547, 28.36903190612793], [83.7281723022461, 28.372472763061523], [83.72589111328125, 28.375051498413086], [83.7223129272461, 28.377058029174805], [83.7197036743164, 28.378772735595703], [83.71612548828125, 28.380489349365234], [83.7135238647461, 28.382204055786133], [83.71124267578125, 28.38449478149414], [83.70928192138672, 28.387359619140625], [83.70797729492188, 28.388790130615234], [83.70569610595703, 28.3905029296875], [83.70341491699219, 28.394235610961914], [83.70275115966797, 28.39681625366211], [83.70307159423828, 28.399106979370117], [83.70475006103516, 28.39993667602539], [83.70599365234375, 28.400548934936523], [83.70858764648438, 28.401702880859375], [83.71151733398438, 28.40027618408203], [83.71607208251953, 28.398853302001953], [83.719970703125, 28.397422790527344], [83.72322845458984, 28.396282196044922], [83.72712707519531, 28.39629554748535], [83.7323226928711, 28.39716911315918], [83.73556518554688, 28.398897171020508], [83.73783874511719, 28.40062141418457], [83.73977661132812, 28.40493392944336], [83.74041748046875, 28.40751075744629], [83.74040985107422, 28.41153335571289], [83.73941802978516, 28.416118621826172], [83.7384262084961, 28.421001434326172], [83.73809051513672, 28.425016403198242], [83.73873138427734, 28.42816925048828], [83.73970031738281, 28.43161964416504], [83.74163818359375, 28.435924530029297], [83.74325561523438, 28.439083099365234], [83.74552154541016, 28.442249298095703], [83.7474594116211, 28.445119857788086], [83.74907684326172, 28.44914436340332], [83.75069427490234, 28.452592849731445], [83.75165557861328, 28.45661163330078], [83.75293731689453, 28.462350845336914], [83.75325775146484, 28.464929580688477], [83.75486755371094, 28.4692440032959], [83.7564926147461, 28.471826553344727], [83.76006317138672, 28.47441864013672], [83.76461029052734, 28.476150512695312], [83.76786041259766, 28.476722717285156], [83.77143096923828, 28.47759246826172], [83.7756576538086, 28.4796142578125], [83.77857971191406, 28.482200622558594], [83.78019714355469, 28.485937118530273], [83.78116607666016, 28.48823356628418], [83.78375244140625, 28.492542266845703], [83.7853775024414, 28.495412826538086], [83.78731536865234, 28.499147415161133], [83.78990936279297, 28.50173568725586], [83.7947769165039, 28.507198333740234], [83.79639434814453, 28.510068893432617], [83.79801940917969, 28.512939453125], [83.80126190185547, 28.516101837158203], [83.80484008789062, 28.51783561706543], [83.8077621459961, 28.518409729003906], [83.8106918334961, 28.518415451049805], [83.8145980834961, 28.518705368041992], [83.81752014160156, 28.51985740661621], [83.82044219970703, 28.521873474121094], [83.82304382324219, 28.523313522338867], [83.82694244384766, 28.527050018310547], [83.82921600341797, 28.529348373413086], [83.8308334350586, 28.531930923461914], [83.83147430419922, 28.53594970703125], [83.83147430419922, 28.538827896118164], [83.83049011230469, 28.54197883605957], [83.82852935791016, 28.545703887939453], [83.82689666748047, 28.548290252685547], [83.82395935058594, 28.550865173339844], [83.82102966308594, 28.553159713745117], [83.81678771972656, 28.556884765625], [83.81352233886719, 28.55974769592285], [83.8099365234375, 28.56289291381836], [83.80764770507812, 28.56633758544922], [83.8056869506836, 28.570350646972656], [83.80470275878906, 28.57379150390625], [83.80501556396484, 28.578102111816406], [83.80598449707031, 28.581830978393555], [83.80792999267578, 28.584699630737305], [83.8102035522461, 28.58728790283203], [83.8144302368164, 28.5904541015625], [83.81930541992188, 28.59332847595215], [83.82321166992188, 28.595062255859375], [83.82711029052734, 28.597074508666992], [83.83199310302734, 28.599092483520508], [83.83589935302734, 28.59967041015625], [83.84110260009766, 28.601974487304688], [83.84468078613281, 28.603988647460938], [83.84858703613281, 28.605432510375977], [83.85216522216797, 28.60715675354004], [83.85607147216797, 28.608312606811523], [83.86062622070312, 28.609752655029297], [83.86778259277344, 28.613201141357422], [83.8752670288086, 28.615503311157227], [83.87950897216797, 28.61349868774414], [83.88243865966797, 28.612070083618164], [83.88471984863281, 28.610931396484375], [83.88765716552734, 28.60978126525879], [83.8922119140625, 28.608640670776367], [83.89579772949219, 28.607784271240234], [83.90100860595703, 28.606929779052734], [83.90491485595703, 28.606639862060547], [83.90850067138672, 28.606361389160156], [83.91371154785156, 28.60636329650879], [83.91827392578125, 28.606367111206055], [83.92250061035156, 28.60666275024414], [83.92706298828125, 28.60637855529785], [83.93096923828125, 28.604942321777344], [83.93455505371094, 28.603796005249023], [83.93814086914062, 28.602083206176758], [83.94172668457031, 28.600936889648438], [83.94791412353516, 28.60123062133789], [83.95311737060547, 28.602375030517578], [83.95670318603516, 28.603240966796875], [83.96158599853516, 28.603818893432617], [83.96614837646484, 28.604101181030273], [83.970703125, 28.60410499572754], [83.9765625, 28.60267448425293], [83.98080444335938, 28.600379943847656], [83.98471069335938, 28.596939086914062], [83.98829650878906, 28.5935001373291], [83.9915542602539, 28.590055465698242], [83.9941635131836, 28.587759017944336], [83.99969482421875, 28.585752487182617], [84.0058822631836, 28.58575439453125], [84.0097885131836, 28.58661651611328], [84.01337432861328, 28.58632469177246], [84.01728057861328, 28.586040496826172], [84.01956176757812, 28.58460235595703], [84.02216339111328, 28.583459854125977], [84.02444458007812, 28.581453323364258], [84.02639770507812, 28.579729080200195], [84.02998352050781, 28.57628059387207], [84.03258514404297, 28.57398223876953], [84.03486633300781, 28.572263717651367], [84.03779602050781, 28.570253372192383], [84.0413818359375, 28.568817138671875], [84.04593658447266, 28.566814422607422], [84.04788970947266, 28.5665225982666], [84.0511474609375, 28.565664291381836], [84.0570068359375, 28.56479835510254], [84.0589599609375, 28.564228057861328], [84.06156158447266, 28.563364028930664], [84.0648193359375, 28.56106185913086], [84.0677490234375, 28.55819320678711], [84.0697021484375, 28.556188583374023], [84.07198333740234, 28.553314208984375], [84.0755615234375, 28.54987335205078], [84.07784271240234, 28.547569274902344], [84.08011627197266, 28.54470443725586], [84.0823974609375, 28.543264389038086], [84.08467102050781, 28.541255950927734], [84.08760070800781, 28.539243698120117], [84.09281158447266, 28.53809356689453], [84.09769439697266, 28.53780174255371], [84.10224914550781, 28.537799835205078], [84.10680389404297, 28.537796020507812], [84.10908508300781, 28.537799835205078], [84.11396789550781, 28.537796020507812], [84.11722564697266, 28.537792205810547], [84.11949920654297, 28.53721809387207], [84.12373352050781, 28.53606414794922], [84.12763977050781, 28.53548812866211], [84.13088989257812, 28.53577423095703], [84.13284301757812, 28.536636352539062], [84.13740539550781, 28.538066864013672], [84.14033508300781, 28.537776947021484], [84.14196014404297, 28.53691864013672], [84.14456176757812, 28.534618377685547], [84.14585876464844, 28.532896041870117], [84.1504135131836, 28.529157638549805], [84.15269470214844, 28.52599334716797], [84.15496063232422, 28.522838592529297], [84.15658569335938, 28.519968032836914], [84.15951538085938, 28.516807556152344], [84.16211700439453, 28.514507293701172], [84.16439056396484, 28.5130672454834], [84.1689453125, 28.511629104614258], [84.17154693603516, 28.51076316833496], [84.1748046875, 28.50990104675293], [84.17935943603516, 28.508750915527344], [84.18358612060547, 28.50788116455078], [84.18716430664062, 28.506729125976562], [84.18976593017578, 28.50385093688965], [84.1910629272461, 28.501848220825195], [84.19268798828125, 28.497533798217773], [84.19398498535156, 28.494375228881836], [84.19528198242188, 28.490928649902344], [84.1968994140625, 28.488346099853516], [84.19950103759766, 28.48748016357422], [84.20243072509766, 28.48661994934082], [84.2047119140625, 28.486324310302734], [84.20925903320312, 28.48546028137207], [84.21218872070312, 28.484880447387695], [84.21609497070312, 28.484302520751953], [84.21934509277344, 28.483150482177734], [84.2229232788086, 28.48084259033203], [84.2251968383789, 28.479976654052734], [84.22909545898438, 28.479398727416992], [84.23137664794922, 28.479400634765625], [84.23430633544922, 28.47939682006836], [84.23950958251953, 28.479673385620117], [84.24341583251953, 28.47938346862793], [84.24698638916016, 28.47908592224121], [84.25154876708984, 28.47907829284668], [84.25577545166016, 28.479074478149414], [84.26033020019531, 28.47963523864746], [84.26325988769531, 28.480207443237305], [84.26488494873047, 28.480493545532227], [84.27106475830078, 28.477893829345703], [84.28048706054688, 28.470991134643555]]]}}, {"type": "Feature", "id": 27, "properties": {"DISTRICT": "LAMJUNG"}, "geometry": {"type": "Polygon", "coordinates": [[[84.56914520263672, 28.487367630004883], [84.57432556152344, 28.481027603149414], [84.58146667480469, 28.478412628173828], [84.58503723144531, 28.475812911987305], [84.58697509765625, 28.474088668823242], [84.59183502197266, 28.468894958496094], [84.59441375732422, 28.464862823486328], [84.59634399414062, 28.46083641052246], [84.59795379638672, 28.45681381225586], [84.60053253173828, 28.453357696533203], [84.6031265258789, 28.45018196105957], [84.60538482666016, 28.4478759765625], [84.60928344726562, 28.445852279663086], [84.6131820678711, 28.4455509185791], [84.61676788330078, 28.446109771728516], [84.62067413330078, 28.44695281982422], [84.62554931640625, 28.446929931640625], [84.62945556640625, 28.446340560913086], [84.63270568847656, 28.446035385131836], [84.63529968261719, 28.444591522216797], [84.63756561279297, 28.44314193725586], [84.64144897460938, 28.439104080200195], [84.64370727539062, 28.435651779174805], [84.64434814453125, 28.434497833251953], [84.64563751220703, 28.431903839111328], [84.64691162109375, 28.427595138549805], [84.648193359375, 28.423564910888672], [84.6501235961914, 28.420394897460938], [84.65335845947266, 28.416940689086914], [84.65497589111328, 28.41520881652832], [84.65788269042969, 28.41232681274414], [84.66014862060547, 28.41058921813965], [84.66112518310547, 28.410009384155273], [84.6685562133789, 28.401357650756836], [84.67081451416016, 28.398481369018555], [84.67274475097656, 28.39588737487793], [84.67501068115234, 28.393003463745117], [84.6772689819336, 28.39040756225586], [84.67855072021484, 28.387243270874023], [84.6791763305664, 28.383220672607422], [84.67948150634766, 28.38005828857422], [84.6804428100586, 28.377466201782227], [84.68270111083984, 28.374591827392578], [84.68399047851562, 28.37314224243164], [84.68592834472656, 28.371126174926758], [84.68690490722656, 28.370548248291016], [84.69304656982422, 28.365345001220703], [84.69434356689453, 28.364194869995117], [84.69627380371094, 28.361600875854492], [84.69657897949219, 28.35843849182129], [84.69525909423828, 28.354997634887695], [84.69296264648438, 28.351564407348633], [84.69099426269531, 28.348987579345703], [84.68805694580078, 28.34613037109375], [84.68413543701172, 28.343276977539062], [84.68120574951172, 28.341854095458984], [84.67794799804688, 28.34072494506836], [84.67469024658203, 28.339017868041992], [84.67272186279297, 28.33616065979004], [84.67205047607422, 28.33300018310547], [84.67106628417969, 28.33070945739746], [84.67039489746094, 28.328126907348633], [84.66973876953125, 28.3264102935791], [84.66939544677734, 28.323822021484375], [84.66807556152344, 28.320388793945312], [84.6670913696289, 28.318090438842773], [84.665771484375, 28.314655303955078], [84.66510772705078, 28.312650680541992], [84.66346740722656, 28.309499740600586], [84.66248321533203, 28.307777404785156], [84.66116333007812, 28.305490493774414], [84.65985107421875, 28.303194046020508], [84.65821075439453, 28.300621032714844], [84.6572265625, 28.298898696899414], [84.65592193603516, 28.296899795532227], [84.65525817871094, 28.29546356201172], [84.6542739868164, 28.29374885559082], [84.65361785888672, 28.292600631713867], [84.65296173095703, 28.29116439819336], [84.6526107788086, 28.287151336669922], [84.65291595458984, 28.283132553100586], [84.65419006347656, 28.2788143157959], [84.6551513671875, 28.276222229003906], [84.6561050415039, 28.273351669311523], [84.65673828125, 28.270763397216797], [84.65672302246094, 28.268173217773438], [84.65672302246094, 28.267026901245117], [84.65605163574219, 28.26387596130371], [84.65440368652344, 28.259859085083008], [84.65341186523438, 28.256711959838867], [84.65274810791016, 28.253549575805664], [84.6517562866211, 28.2509708404541], [84.64978790283203, 28.24724578857422], [84.64814758300781, 28.244384765625], [84.64683532714844, 28.242666244506836], [84.6448745727539, 28.240665435791016], [84.6438980102539, 28.239519119262695], [84.64258575439453, 28.237810134887695], [84.64192962646484, 28.236371994018555], [84.64127349853516, 28.234655380249023], [84.64028930664062, 28.23322296142578], [84.6402816772461, 28.23207664489746], [84.63994598388672, 28.23064422607422], [84.63896179199219, 28.228065490722656], [84.64054107666016, 28.220016479492188], [84.64212799072266, 28.21368980407715], [84.64276123046875, 28.211103439331055], [84.64338684082031, 28.207937240600586], [84.64337158203125, 28.20421028137207], [84.64334869384766, 28.200185775756836], [84.64268493652344, 28.197891235351562], [84.64137268066406, 28.195314407348633], [84.63973236083984, 28.192453384399414], [84.63744354248047, 28.189300537109375], [84.63581085205078, 28.187583923339844], [84.63352966308594, 28.18558692932129], [84.6305923461914, 28.183307647705078], [84.62700653076172, 28.180448532104492], [84.62472534179688, 28.178449630737305], [84.62276458740234, 28.176738739013672], [84.62211608886719, 28.175878524780273], [84.62113952636719, 28.175310134887695], [84.61721801757812, 28.171308517456055], [84.6165542602539, 28.168148040771484], [84.61589050292969, 28.16585350036621], [84.61588287353516, 28.164417266845703], [84.60836029052734, 28.15325164794922], [84.60249328613281, 28.148401260375977], [84.59859466552734, 28.14698028564453], [84.59469604492188, 28.14584732055664], [84.59111785888672, 28.144142150878906], [84.58786010742188, 28.141855239868164], [84.5859146118164, 28.14072036743164], [84.5829849243164, 28.139009475708008], [84.58036804199219, 28.135290145874023], [84.57807159423828, 28.130701065063477], [84.57644653320312, 28.129852294921875], [84.57514953613281, 28.1292781829834], [84.57384490966797, 28.12842559814453], [84.57157135009766, 28.127283096313477], [84.56832885742188, 28.127010345458984], [84.56312561035156, 28.12531089782715], [84.5615005493164, 28.124740600585938], [84.5602035522461, 28.123598098754883], [84.5585708618164, 28.121593475341797], [84.55691528320312, 28.115283966064453], [84.55561065673828, 28.113563537597656], [84.5539779663086, 28.111846923828125], [84.55136108398438, 28.10640525817871], [84.54875183105469, 28.10326385498047], [84.547119140625, 28.102115631103516], [84.54452514648438, 28.100688934326172], [84.53802490234375, 28.098703384399414], [84.53120422363281, 28.096153259277344], [84.52698516845703, 28.094444274902344], [84.52340698242188, 28.093305587768555], [84.51983642578125, 28.091888427734375], [84.51561737060547, 28.090177536010742], [84.51236724853516, 28.089046478271484], [84.50944519042969, 28.087909698486328], [84.50749206542969, 28.087053298950195], [84.50294494628906, 28.085058212280273], [84.50067901611328, 28.084781646728516], [84.49970245361328, 28.085071563720703], [84.4974365234375, 28.085941314697266], [84.49388122558594, 28.08710289001465], [84.490966796875, 28.08797836303711], [84.48870086669922, 28.088560104370117], [84.48707580566406, 28.088565826416016], [84.4851303100586, 28.08799934387207], [84.4831771850586, 28.086862564086914], [84.48284912109375, 28.085420608520508], [84.48413848876953, 28.083126068115234], [84.48574829101562, 28.081676483154297], [84.48833465576172, 28.080522537231445], [84.48963165283203, 28.07994270324707], [84.49092864990234, 28.079360961914062], [84.49189758300781, 28.078495025634766], [84.49188232421875, 28.076202392578125], [84.49154663085938, 28.073047637939453], [84.49153900146484, 28.07132339477539], [84.49185943603516, 28.069597244262695], [84.49249267578125, 28.067298889160156], [84.49313354492188, 28.065288543701172], [84.49345397949219, 28.063852310180664], [84.49344635009766, 28.062416076660156], [84.49311065673828, 28.06069564819336], [84.49018859863281, 28.058982849121094], [84.48661804199219, 28.057844161987305], [84.48369598388672, 28.05756378173828], [84.48176574707031, 28.060731887817383], [84.48080444335938, 28.062456130981445], [84.4798355102539, 28.063322067260742], [84.47886657714844, 28.06418800354004], [84.47757720947266, 28.065916061401367], [84.4762954711914, 28.06850814819336], [84.47532653808594, 28.06965446472168], [84.47435760498047, 28.071388244628906], [84.47339630126953, 28.073400497436523], [84.47210693359375, 28.075695037841797], [84.47114562988281, 28.077716827392578], [84.46920776367188, 28.079729080200195], [84.46726989746094, 28.081462860107422], [84.46598052978516, 28.083189010620117], [84.46437072753906, 28.084918975830078], [84.45887756347656, 28.090673446655273], [84.456298828125, 28.09326934814453], [84.45436096191406, 28.095001220703125], [84.45306396484375, 28.095861434936523], [84.45177459716797, 28.096731185913086], [84.45015716552734, 28.0987491607666], [84.44822692871094, 28.101049423217773], [84.44661712646484, 28.103635787963867], [84.44402313232422, 28.105365753173828], [84.43916320800781, 28.106538772583008], [84.43627166748047, 28.11142921447754], [84.434326171875, 28.11200523376465], [84.433349609375, 28.112295150756836], [84.43141174316406, 28.11288070678711], [84.42979431152344, 28.11374282836914], [84.42784881591797, 28.114898681640625], [84.42591094970703, 28.116052627563477], [84.42364501953125, 28.11749839782715], [84.41846466064453, 28.120100021362305], [84.41619873046875, 28.121248245239258], [84.4129638671875, 28.123271942138672], [84.41102600097656, 28.124425888061523], [84.40811157226562, 28.125579833984375], [84.40616607666016, 28.12702178955078], [84.40357971191406, 28.127893447875977], [84.40130615234375, 28.12847328186035], [84.39936065673828, 28.128480911254883], [84.3970947265625, 28.128772735595703], [84.39417266845703, 28.128211975097656], [84.39222717285156, 28.127931594848633], [84.3902816772461, 28.127361297607422], [84.3883285522461, 28.1270809173584], [84.38346862792969, 28.127086639404297], [84.38055419921875, 28.127382278442383], [84.37763214111328, 28.1276798248291], [84.37146759033203, 28.12740707397461], [84.36595916748047, 28.128862380981445], [84.36272430419922, 28.130596160888672], [84.36077880859375, 28.13031578063965], [84.35948181152344, 28.130027770996094], [84.35720825195312, 28.128883361816406], [84.35460662841797, 28.12803077697754], [84.35234069824219, 28.127464294433594], [84.34973907470703, 28.12689971923828], [84.3468246459961, 28.126327514648438], [84.3448715209961, 28.126047134399414], [84.34292602539062, 28.126054763793945], [84.33741760253906, 28.12664222717285], [84.33319854736328, 28.124927520751953], [84.33190155029297, 28.12407112121582], [84.32929992675781, 28.122350692749023], [84.32734680175781, 28.12092399597168], [84.32540130615234, 28.119497299194336], [84.32377624511719, 28.117488861083984], [84.32247161865234, 28.116344451904297], [84.32084655761719, 28.114336013793945], [84.31954193115234, 28.113481521606445], [84.31694793701172, 28.11176109313965], [84.3136978149414, 28.11004638671875], [84.31207275390625, 28.108905792236328], [84.30883026123047, 28.107759475708008], [84.30233764648438, 28.104328155517578], [84.30136108398438, 28.103759765625], [84.2994155883789, 28.10318946838379], [84.29747009277344, 28.10232925415039], [84.2935791015625, 28.101764678955078], [84.2880630493164, 28.0994815826416], [84.2848129272461, 28.096332550048828], [84.28221130371094, 28.09461212158203], [84.28123474121094, 28.093473434448242], [84.27928924560547, 28.09232521057129], [84.27734375, 28.092042922973633], [84.27507781982422, 28.092042922973633], [84.27183532714844, 28.092050552368164], [84.26891326904297, 28.09177589416504], [84.26761627197266, 28.09119987487793], [84.26502227783203, 28.089767456054688], [84.26339721679688, 28.088624954223633], [84.2591781616211, 28.086339950561523], [84.25690460205078, 28.084903717041016], [84.25398254394531, 28.08347511291504], [84.25138854980469, 28.08233070373535], [84.24847412109375, 28.08119010925293], [84.24555206298828, 28.080337524414062], [84.24166107177734, 28.079771041870117], [84.23841857910156, 28.07805633544922], [84.23809051513672, 28.078914642333984], [84.23648071289062, 28.081787109375], [84.23421478271484, 28.084945678710938], [84.23260498046875, 28.08868408203125], [84.2319564819336, 28.090412139892578], [84.23002624511719, 28.095579147338867], [84.23035430908203, 28.097877502441406], [84.23100280761719, 28.099018096923828], [84.23133087158203, 28.10102653503418], [84.23133850097656, 28.102750778198242], [84.23101043701172, 28.103899002075195], [84.2306900024414, 28.105913162231445], [84.23004913330078, 28.10907554626465], [84.228759765625, 28.11136817932129], [84.22843933105469, 28.112516403198242], [84.22779083251953, 28.115102767944336], [84.22650146484375, 28.117692947387695], [84.22423553466797, 28.122005462646484], [84.22132110595703, 28.124011993408203], [84.2203598022461, 28.12660026550293], [84.2203598022461, 28.127744674682617], [84.2203598022461, 28.12946891784668], [84.22101593017578, 28.1314754486084], [84.22166442871094, 28.132057189941406], [84.22296142578125, 28.133201599121094], [84.22491455078125, 28.134342193603516], [84.22718048095703, 28.135488510131836], [84.23139953613281, 28.13720703125], [84.23108673095703, 28.140647888183594], [84.23076629638672, 28.141796112060547], [84.23011779785156, 28.14236831665039], [84.2294692993164, 28.14352035522461], [84.22753143310547, 28.147260665893555], [84.22689056396484, 28.150991439819336], [84.22624206542969, 28.152143478393555], [84.22592163085938, 28.15300178527832], [84.22462463378906, 28.156160354614258], [84.22333526611328, 28.158174514770508], [84.22366333007812, 28.15903663635254], [84.22334289550781, 28.16047477722168], [84.22301483154297, 28.161623001098633], [84.2220458984375, 28.163921356201172], [84.22107696533203, 28.166500091552734], [84.22010803222656, 28.169666290283203], [84.21979522705078, 28.17167091369629], [84.21979522705078, 28.17453956604004], [84.21980285644531, 28.17913246154785], [84.21981048583984, 28.180286407470703], [84.21883392333984, 28.182008743286133], [84.2168960571289, 28.18402671813965], [84.21527099609375, 28.184886932373047], [84.21365356445312, 28.186325073242188], [84.21138763427734, 28.188045501708984], [84.20879364013672, 28.1892032623291], [84.2065200805664, 28.18977928161621], [84.20360565185547, 28.19007110595703], [84.20035552978516, 28.19007682800293], [84.19841003417969, 28.190082550048828], [84.1958236694336, 28.193241119384766], [84.19744873046875, 28.196683883666992], [84.20101928710938, 28.198110580444336], [84.20166778564453, 28.19868278503418], [84.20329284667969, 28.199546813964844], [84.20589447021484, 28.20125961303711], [84.20914459228516, 28.204132080078125], [84.21141815185547, 28.206993103027344], [84.21272277832031, 28.21072769165039], [84.21337890625, 28.21273422241211], [84.21369934082031, 28.21416664123535], [84.21468353271484, 28.217037200927734], [84.21598052978516, 28.21961784362793], [84.21761322021484, 28.22478485107422], [84.21794891357422, 28.22793960571289], [84.2176284790039, 28.230531692504883], [84.2176284790039, 28.23224639892578], [84.2173080444336, 28.23426055908203], [84.21763610839844, 28.236268997192383], [84.21796417236328, 28.237991333007812], [84.21861267089844, 28.239709854125977], [84.21894073486328, 28.24229621887207], [84.21894836425781, 28.244308471679688], [84.2186279296875, 28.246601104736328], [84.21733856201172, 28.25119400024414], [84.2170181274414, 28.253498077392578], [84.21669006347656, 28.254926681518555], [84.2166976928711, 28.25693702697754], [84.2166976928711, 28.259239196777344], [84.21670532226562, 28.262107849121094], [84.21638488769531, 28.264402389526367], [84.21476745605469, 28.268707275390625], [84.2125015258789, 28.27216148376465], [84.20763397216797, 28.275039672851562], [84.20536804199219, 28.276473999023438], [84.20471954345703, 28.277055740356445], [84.20244598388672, 28.279922485351562], [84.1998519897461, 28.28280258178711], [84.19921112060547, 28.28424072265625], [84.19856262207031, 28.285383224487305], [84.19693756103516, 28.287397384643555], [84.19564819335938, 28.289121627807617], [84.1924057006836, 28.292861938476562], [84.19305419921875, 28.296302795410156], [84.19500732421875, 28.298309326171875], [84.1963119506836, 28.299455642700195], [84.1976089477539, 28.301177978515625], [84.19923400878906, 28.302898406982422], [84.20086669921875, 28.304908752441406], [84.2011947631836, 28.306917190551758], [84.20184326171875, 28.309494018554688], [84.20185089111328, 28.31294059753418], [84.20217895507812, 28.31609535217285], [84.20250701904297, 28.319259643554688], [84.2034912109375, 28.321264266967773], [84.20609283447266, 28.324420928955078], [84.20804595947266, 28.326427459716797], [84.20999908447266, 28.329002380371094], [84.21162414550781, 28.331300735473633], [84.21195220947266, 28.333599090576172], [84.21195983886719, 28.336467742919922], [84.21228790283203, 28.33876609802246], [84.21293640136719, 28.341062545776367], [84.21392059326172, 28.343067169189453], [84.21522521972656, 28.345069885253906], [84.21620178222656, 28.34737205505371], [84.2165298461914, 28.349660873413086], [84.21685791015625, 28.352825164794922], [84.21849060058594, 28.355403900146484], [84.22012329101562, 28.35999298095703], [84.22017669677734, 28.395305633544922], [84.22408294677734, 28.399606704711914], [84.22766876220703, 28.403045654296875], [84.23125457763672, 28.407917022705078], [84.23483276367188, 28.411643981933594], [84.23939514160156, 28.415082931518555], [84.24330139160156, 28.418519973754883], [84.24720764160156, 28.422531127929688], [84.25015258789062, 28.42798614501953], [84.24983215332031, 28.433727264404297], [84.24919128417969, 28.43803596496582], [84.25017547607422, 28.441184997558594], [84.2518081665039, 28.443771362304688], [84.25538635253906, 28.447498321533203], [84.2596206665039, 28.45121955871582], [84.26483917236328, 28.45608901977539], [84.26940155029297, 28.459815979003906], [84.27754211425781, 28.466114044189453], [84.28048706054688, 28.470991134643555], [84.28178405761719, 28.472423553466797], [84.28276824951172, 28.47357177734375], [84.28407287597656, 28.475284576416016], [84.28602600097656, 28.477867126464844], [84.28831481933594, 28.48102569580078], [84.2899398803711, 28.482168197631836], [84.29483032226562, 28.4838809967041], [84.29776000976562, 28.48473358154297], [84.30198669433594, 28.485872268676758], [84.30491638183594, 28.4864444732666], [84.30979919433594, 28.487010955810547], [84.3143539428711, 28.48642349243164], [84.3185806274414, 28.48469352722168], [84.32182312011719, 28.481239318847656], [84.32539367675781, 28.477502822875977], [84.32929229736328, 28.474618911743164], [84.3318862915039, 28.473182678222656], [84.33578491210938, 28.470876693725586], [84.33806610107422, 28.4697208404541], [84.34066009521484, 28.467994689941406], [84.34651184082031, 28.466827392578125], [84.34976196289062, 28.465673446655273], [84.3536605834961, 28.464513778686523], [84.3578872680664, 28.46278190612793], [84.36048889160156, 28.461912155151367], [84.36309051513672, 28.46219825744629], [84.36569213867188, 28.4627628326416], [84.3676528930664, 28.463909149169922], [84.37286376953125, 28.46561622619629], [84.37545776367188, 28.46532440185547], [84.37870788574219, 28.464168548583984], [84.38228607177734, 28.46214485168457], [84.38520812988281, 28.46041488647461], [84.3894271850586, 28.458681106567383], [84.39332580566406, 28.456951141357422], [84.39852905273438, 28.456933975219727], [84.40145874023438, 28.45778465270996], [84.40602111816406, 28.459495544433594], [84.4089584350586, 28.462358474731445], [84.41287994384766, 28.46607780456543], [84.41548919677734, 28.469518661499023], [84.41810607910156, 28.473529815673828], [84.41942596435547, 28.47783088684082], [84.42041778564453, 28.4832820892334], [84.42173767089844, 28.488161087036133], [84.42304992675781, 28.491893768310547], [84.42501831054688, 28.495332717895508], [84.4269790649414, 28.49877166748047], [84.42927551269531, 28.502208709716797], [84.43155670166016, 28.50536346435547], [84.43547058105469, 28.507648468017578], [84.43905639648438, 28.509069442749023], [84.44264221191406, 28.50934410095215], [84.44654083251953, 28.509048461914062], [84.45077514648438, 28.508459091186523], [84.45467376708984, 28.50729751586914], [84.457275390625, 28.505857467651367], [84.46019744873047, 28.50354766845703], [84.46376037597656, 28.500951766967773], [84.46733093261719, 28.497499465942383], [84.46829223632812, 28.494911193847656], [84.4705581665039, 28.491172790527344], [84.47314453125, 28.487430572509766], [84.47735595703125, 28.482248306274414], [84.47929382324219, 28.478504180908203], [84.48058319091797, 28.475631713867188], [84.4831771850586, 28.47246742248535], [84.48674774169922, 28.47016143798828], [84.490966796875, 28.468135833740234], [84.49226379394531, 28.466400146484375], [84.4935531616211, 28.46352767944336], [84.49517059326172, 28.46179962158203], [84.49809265136719, 28.4609317779541], [84.50297546386719, 28.46120262145996], [84.50688171386719, 28.462329864501953], [84.51242065429688, 28.464614868164062], [84.5173110961914, 28.466320037841797], [84.52317810058594, 28.468591690063477], [84.52806854248047, 28.470584869384766], [84.53295135498047, 28.471431732177734], [84.53718566894531, 28.47140884399414], [84.54108428955078, 28.47110939025879], [84.54432678222656, 28.469661712646484], [84.5495376586914, 28.469926834106445], [84.55247497558594, 28.47106170654297], [84.55671691894531, 28.47391700744629], [84.559326171875, 28.47563362121582], [84.56619262695312, 28.482786178588867], [84.56914520263672, 28.487367630004883]]]}}, {"type": "Feature", "id": 28, "properties": {"DISTRICT": "PARBAT"}, "geometry": {"type": "Polygon", "coordinates": [[[83.60625457763672, 28.298294067382812], [83.60691833496094, 28.301448822021484], [83.60628509521484, 28.30375099182129], [83.60597229003906, 28.305763244628906], [83.60533905029297, 28.307777404785156], [83.60501861572266, 28.308923721313477], [83.60438537597656, 28.311504364013672], [83.60407257080078, 28.312660217285156], [83.602783203125, 28.31438636779785], [83.60149383544922, 28.31611442565918], [83.60020446777344, 28.31755256652832], [83.59891510009766, 28.318710327148438], [83.59730529785156, 28.320438385009766], [83.59601593017578, 28.321884155273438], [83.59504699707031, 28.323322296142578], [83.59440612792969, 28.32390022277832], [83.5927963256836, 28.325916290283203], [83.58503723144531, 28.330537796020508], [83.58213806152344, 28.33428955078125], [83.58084869384766, 28.33572769165039], [83.57923126220703, 28.336597442626953], [83.5772933959961, 28.337757110595703], [83.57534790039062, 28.3377628326416], [83.57308959960938, 28.339492797851562], [83.57152557373047, 28.350122451782227], [83.5705795288086, 28.35529327392578], [83.57058715820312, 28.357303619384766], [83.57060241699219, 28.35930633544922], [83.57061004638672, 28.36160659790039], [83.5709457397461, 28.362751007080078], [83.57160949707031, 28.365617752075195], [83.572265625, 28.36762809753418], [83.57260131835938, 28.36962890625], [83.5742416381836, 28.37220573425293], [83.5813980102539, 28.375333786010742], [83.58497619628906, 28.37789535522461], [83.58595275878906, 28.378469467163086], [83.5872573852539, 28.37961196899414], [83.58856201171875, 28.380464553833008], [83.5901870727539, 28.381317138671875], [83.59117126464844, 28.382171630859375], [83.5921401977539, 28.382457733154297], [83.5947494506836, 28.38445281982422], [83.5989761352539, 28.385297775268555], [83.60027313232422, 28.385286331176758], [83.6025390625, 28.384990692138672], [83.60448455810547, 28.384984970092773], [83.6070785522461, 28.38382339477539], [83.60901641845703, 28.382951736450195], [83.6109619140625, 28.382080078125], [83.61258697509766, 28.3820743560791], [83.61680603027344, 28.382343292236328], [83.61907958984375, 28.382904052734375], [83.62232208251953, 28.382884979248047], [83.62459564208984, 28.382301330566406], [83.62620544433594, 28.380285263061523], [83.62716674804688, 28.378559112548828], [83.6278076171875, 28.377979278564453], [83.63103485107422, 28.374235153198242], [83.63297271728516, 28.372507095336914], [83.6352310180664, 28.370479583740234], [83.63619232177734, 28.369041442871094], [83.63716125488281, 28.36789321899414], [83.63909149169922, 28.36558723449707], [83.64070129394531, 28.362993240356445], [83.64198303222656, 28.36039924621582], [83.64326477050781, 28.358673095703125], [83.646484375, 28.353782653808594], [83.64874267578125, 28.351755142211914], [83.65068054199219, 28.350313186645508], [83.65293884277344, 28.349151611328125], [83.65520477294922, 28.347702026367188], [83.65811920166016, 28.346826553344727], [83.66071319580078, 28.346529006958008], [83.66233825683594, 28.347379684448242], [83.66429138183594, 28.348520278930664], [83.66690063476562, 28.3502254486084], [83.66853332519531, 28.35194206237793], [83.670166015625, 28.353939056396484], [83.67147827148438, 28.356515884399414], [83.6731185913086, 28.358810424804688], [83.67443084716797, 28.361385345458984], [83.67574310302734, 28.363384246826172], [83.67640686035156, 28.365392684936523], [83.6773910522461, 28.3676815032959], [83.67870330810547, 28.36996841430664], [83.67969512939453, 28.372264862060547], [83.6806869506836, 28.374841690063477], [83.68167877197266, 28.377994537353516], [83.68299865722656, 28.380849838256836], [83.68464660644531, 28.384868621826172], [83.68563842773438, 28.387733459472656], [83.68695831298828, 28.39087677001953], [83.68892669677734, 28.394315719604492], [83.69088745117188, 28.396312713623047], [83.69316864013672, 28.39801788330078], [83.69609832763672, 28.399442672729492], [83.69805145263672, 28.40000343322754], [83.69902801513672, 28.40028953552246], [83.70032501220703, 28.400564193725586], [83.7032470703125, 28.400264739990234], [83.70475006103516, 28.39993667602539], [83.70307159423828, 28.399106979370117], [83.70275115966797, 28.39681625366211], [83.70341491699219, 28.394235610961914], [83.70569610595703, 28.3905029296875], [83.70797729492188, 28.388790130615234], [83.70928192138672, 28.387359619140625], [83.71124267578125, 28.38449478149414], [83.7135238647461, 28.382204055786133], [83.71612548828125, 28.380489349365234], [83.7197036743164, 28.378772735595703], [83.7223129272461, 28.377058029174805], [83.72589111328125, 28.375051498413086], [83.7281723022461, 28.372472763061523], [83.72948455810547, 28.36903190612793], [83.7294921875, 28.365875244140625], [83.72949981689453, 28.36271858215332], [83.72918701171875, 28.35956382751465], [83.7327651977539, 28.35613250732422], [83.73504638671875, 28.353551864624023], [83.7373275756836, 28.35126304626465], [83.73896026611328, 28.349830627441406], [83.74026489257812, 28.347536087036133], [83.74059295654297, 28.34638786315918], [83.74288177490234, 28.341230392456055], [83.74158477783203, 28.339214324951172], [83.74159240722656, 28.33835792541504], [83.74159240722656, 28.336923599243164], [83.74224853515625, 28.334909439086914], [83.74322509765625, 28.333770751953125], [83.74420166015625, 28.332908630371094], [83.7458267211914, 28.331478118896484], [83.74713134765625, 28.3303279876709], [83.74876403808594, 28.328895568847656], [83.75071716308594, 28.327184677124023], [83.75299072265625, 28.32546043395996], [83.7546157836914, 28.32402992248535], [83.75559997558594, 28.32288932800293], [83.7562484741211, 28.322021484375], [83.7575454711914, 28.320878982543945], [83.75885009765625, 28.319738388061523], [83.75982666015625, 28.318588256835938], [83.7611312866211, 28.317726135253906], [83.76243591308594, 28.316295623779297], [83.7650375366211, 28.314292907714844], [83.7673110961914, 28.312578201293945], [83.7692642211914, 28.311145782470703], [83.7702407836914, 28.31057357788086], [83.7721939086914, 28.310285568237305], [83.77349090576172, 28.310001373291016], [83.77446746826172, 28.309717178344727], [83.77576446533203, 28.30914306640625], [83.77706909179688, 28.30771255493164], [83.77804565429688, 28.306564331054688], [83.77837371826172, 28.305706024169922], [83.77831268310547, 28.3056583404541], [83.77840423583984, 28.305580139160156], [83.77918243408203, 28.305145263671875], [83.77619171142578, 28.302579879760742], [83.77068328857422, 28.298370361328125], [83.76769256591797, 28.29557991027832], [83.7659683227539, 28.293609619140625], [83.76769256591797, 28.291336059570312], [83.7732162475586, 28.288761138916016], [83.7745132446289, 28.288196563720703], [83.77613830566406, 28.287622451782227], [83.77711486816406, 28.287338256835938], [83.77873992919922, 28.286195755004883], [83.7793960571289, 28.284469604492188], [83.77842712402344, 28.281885147094727], [83.77680969238281, 28.279870986938477], [83.77584075927734, 28.278152465820312], [83.77487182617188, 28.276426315307617], [83.77422332763672, 28.27528190612793], [83.77422332763672, 28.274127960205078], [83.77455139160156, 28.273269653320312], [83.7755355834961, 28.27040672302246], [83.77877807617188, 28.26954460144043], [83.78235626220703, 28.268980026245117], [83.78397369384766, 28.268693923950195], [83.78690338134766, 28.26812171936035], [83.79047393798828, 28.266979217529297], [83.7930679321289, 28.266408920288086], [83.79664611816406, 28.265275955200195], [83.79891967773438, 28.264698028564453], [83.80086517333984, 28.26384162902832], [83.80281066894531, 28.263273239135742], [83.80541229248047, 28.26270294189453], [83.80735778808594, 28.26270294189453], [83.8099594116211, 28.262710571289062], [83.8112564086914, 28.262136459350586], [83.81352996826172, 28.26185417175293], [83.81547546386719, 28.261566162109375], [83.8167724609375, 28.261281967163086], [83.82131958007812, 28.26043128967285], [83.82652282714844, 28.257854461669922], [83.82685089111328, 28.252973556518555], [83.82523345947266, 28.250104904174805], [83.82264709472656, 28.246362686157227], [83.81876373291016, 28.24262809753418], [83.81487274169922, 28.239471435546875], [83.8122787475586, 28.23688507080078], [83.81034088134766, 28.234872817993164], [83.80936431884766, 28.234012603759766], [83.80644989013672, 28.231996536254883], [83.80450439453125, 28.23027229309082], [83.80223846435547, 28.228261947631836], [83.80387115478516, 28.22481918334961], [83.80452728271484, 28.222524642944336], [83.80485534667969, 28.219934463500977], [83.80485534667969, 28.21879005432129], [83.80486297607422, 28.21563148498535], [83.8045425415039, 28.21419906616211], [83.80389404296875, 28.21304702758789], [83.80259704589844, 28.211042404174805], [83.8016357421875, 28.209026336669922], [83.8006591796875, 28.207307815551758], [83.79872131347656, 28.20529556274414], [83.79742431640625, 28.204147338867188], [83.79613494873047, 28.202709197998047], [83.79354095458984, 28.200403213500977], [83.7896499633789, 28.198101043701172], [83.78641510009766, 28.19666290283203], [83.78414154052734, 28.196664810180664], [83.78154754638672, 28.197803497314453], [83.7782974243164, 28.199522018432617], [83.7760238647461, 28.200956344604492], [83.7740707397461, 28.202388763427734], [83.77212524414062, 28.20237922668457], [83.76953887939453, 28.199792861938477], [83.7679214477539, 28.196922302246094], [83.76631164550781, 28.19405174255371], [83.76372528076172, 28.190887451171875], [83.7624282836914, 28.18916130065918], [83.7621078491211, 28.18830680847168], [83.76081848144531, 28.185434341430664], [83.76114654541016, 28.182275772094727], [83.76180267333984, 28.179983139038086], [83.76277923583984, 28.177398681640625], [83.76375579833984, 28.175960540771484], [83.76570892333984, 28.173669815063477], [83.76701354980469, 28.1722412109375], [83.76766204833984, 28.169946670532227], [83.7657241821289, 28.168502807617188], [83.7634506225586, 28.16908073425293], [83.76085662841797, 28.169361114501953], [83.75761413574219, 28.168779373168945], [83.7550277709961, 28.167049407958984], [83.75179290771484, 28.16417694091797], [83.74920654296875, 28.161012649536133], [83.74694061279297, 28.157278060913086], [83.74597930908203, 28.152971267700195], [83.7453384399414, 28.15010643005371], [83.74404907226562, 28.149246215820312], [83.740478515625, 28.148664474487305], [83.7356185913086, 28.147502899169922], [83.73173522949219, 28.145776748657227], [83.72882080078125, 28.144336700439453], [83.7255859375, 28.141454696655273], [83.72137451171875, 28.13973045349121], [83.71749877929688, 28.13713836669922], [83.71458435058594, 28.134830474853516], [83.71134948730469, 28.1319580078125], [83.7097396850586, 28.129087448120117], [83.70877838134766, 28.125925064086914], [83.70878601074219, 28.12220001220703], [83.70944213867188, 28.119617462158203], [83.71269226074219, 28.117034912109375], [83.71561431884766, 28.115039825439453], [83.71886444091797, 28.111600875854492], [83.7224349975586, 28.109882354736328], [83.72502899169922, 28.109600067138672], [83.72988891601562, 28.10875129699707], [83.73345947265625, 28.10761070251465], [83.73540496826172, 28.106178283691406], [83.73767852783203, 28.103885650634766], [83.73833465576172, 28.102170944213867], [83.73866271972656, 28.099300384521484], [83.7376937866211, 28.0972843170166], [83.735107421875, 28.094985961914062], [83.73316955566406, 28.093830108642578], [83.73058319091797, 28.091819763183594], [83.72799682617188, 28.090089797973633], [83.72346496582031, 28.086645126342773], [83.72184753417969, 28.086063385009766], [83.71796417236328, 28.084617614746094], [83.71504974365234, 28.084331512451172], [83.71116638183594, 28.083463668823242], [83.70890045166016, 28.082019805908203], [83.70825958251953, 28.07943344116211], [83.7085952758789, 28.07541847229004], [83.7092514038086, 28.072837829589844], [83.7102279663086, 28.071687698364258], [83.7131576538086, 28.065670013427734], [83.71510314941406, 28.064525604248047], [83.71932220458984, 28.063671112060547], [83.72126770019531, 28.062814712524414], [83.72158813476562, 28.06195640563965], [83.71932983398438, 28.059368133544922], [83.7170639038086, 28.057645797729492], [83.71253967285156, 28.054479598999023], [83.70801544189453, 28.051025390625], [83.70478820800781, 28.04815101623535], [83.70155334472656, 28.044410705566406], [83.70027160644531, 28.040674209594727], [83.69963073730469, 28.037519454956055], [83.69964599609375, 28.032928466796875], [83.70030212402344, 28.029489517211914], [83.70095825195312, 28.02718734741211], [83.70063781738281, 28.025466918945312], [83.69934844970703, 28.025182723999023], [83.69481658935547, 28.02345085144043], [83.69061279296875, 28.021427154541016], [83.68802642822266, 28.019704818725586], [83.68608856201172, 28.017404556274414], [83.68383026123047, 28.014814376831055], [83.68124389648438, 28.014238357543945], [83.67768096923828, 28.013656616210938], [83.67476654052734, 28.01450538635254], [83.67121124267578, 28.014211654663086], [83.66764831542969, 28.013917922973633], [83.66441345214844, 28.013334274291992], [83.65955352783203, 28.013900756835938], [83.65372467041016, 28.01359748840332], [83.65081787109375, 28.01186752319336], [83.64856719970703, 28.007274627685547], [83.64824676513672, 28.006122589111328], [83.64727783203125, 28.004114151000977], [83.64566802978516, 28.00153160095215], [83.64470672607422, 27.998947143554688], [83.64114379882812, 28.0003662109375], [83.63724517822266, 28.002939224243164], [83.63529968261719, 28.00408172607422], [83.6330337524414, 28.005516052246094], [83.6310806274414, 28.00665855407715], [83.62849426269531, 28.00751495361328], [83.626220703125, 28.008649826049805], [83.62459564208984, 28.009511947631836], [83.62071228027344, 28.01093101501465], [83.61681365966797, 28.01264762878418], [83.61455535888672, 28.012348175048828], [83.6129379272461, 28.012065887451172], [83.61164093017578, 28.01148223876953], [83.61082458496094, 28.010900497436523], [83.61067962646484, 28.011829376220703], [83.6097183227539, 28.012697219848633], [83.60906982421875, 28.013277053833008], [83.60810852050781, 28.014427185058594], [83.6058578491211, 28.016454696655273], [83.60488891601562, 28.017024993896484], [83.60360717773438, 28.018760681152344], [83.6023178100586, 28.01991081237793], [83.60102844238281, 28.020492553710938], [83.59941864013672, 28.021652221679688], [83.59748840332031, 28.022523880004883], [83.59651947021484, 28.023096084594727], [83.59491729736328, 28.02569007873535], [83.59265899658203, 28.026851654052734], [83.5907211303711, 28.027145385742188], [83.589111328125, 28.02858543395996], [83.58718872070312, 28.03089141845703], [83.58525848388672, 28.032339096069336], [83.58202362060547, 28.03321647644043], [83.5784683227539, 28.033235549926758], [83.57426452636719, 28.03325653076172], [83.57103729248047, 28.03413200378418], [83.56877136230469, 28.035003662109375], [83.56748962402344, 28.035865783691406], [83.56749725341797, 28.038166046142578], [83.56718444824219, 28.039600372314453], [83.56687927246094, 28.042469024658203], [83.56624603271484, 28.045917510986328], [83.5662612915039, 28.047929763793945], [83.5669174194336, 28.05021858215332], [83.56790924072266, 28.053373336791992], [83.56824493408203, 28.055383682250977], [83.56890869140625, 28.058826446533203], [83.56893157958984, 28.061695098876953], [83.56991577148438, 28.06456184387207], [83.57057189941406, 28.065704345703125], [83.57284545898438, 28.067123413085938], [83.574462890625, 28.06826400756836], [83.576416015625, 28.069692611694336], [83.57772064208984, 28.071701049804688], [83.57935333251953, 28.07398796081543], [83.58097839355469, 28.075407028198242], [83.582275390625, 28.076269149780273], [83.584228515625, 28.077978134155273], [83.58682250976562, 28.07853889465332], [83.5877914428711, 28.078535079956055], [83.5887680053711, 28.078821182250977], [83.59005737304688, 28.078807830810547], [83.59135437011719, 28.079381942749023], [83.59201049804688, 28.07994842529297], [83.5936279296875, 28.080801010131836], [83.59493255615234, 28.08251953125], [83.59591674804688, 28.084518432617188], [83.59722137451172, 28.08652687072754], [83.5985336303711, 28.088525772094727], [83.6004867553711, 28.091388702392578], [83.60147094726562, 28.093107223510742], [83.60310363769531, 28.095972061157227], [83.60376739501953, 28.09768295288086], [83.60474395751953, 28.099403381347656], [83.60540008544922, 28.101123809814453], [83.60638427734375, 28.10284423828125], [83.60736846923828, 28.105133056640625], [83.60802459716797, 28.106853485107422], [83.6090087890625, 28.108564376831055], [83.61064147949219, 28.110570907592773], [83.61259460449219, 28.11227798461914], [83.61454010009766, 28.113706588745117], [83.61681365966797, 28.114845275878906], [83.61941528320312, 28.116262435913086], [83.6213607788086, 28.117401123046875], [83.6233139038086, 28.118541717529297], [83.62623596191406, 28.120534896850586], [83.62818908691406, 28.122251510620117], [83.63111877441406, 28.124523162841797], [83.63307189941406, 28.126529693603516], [83.63471221923828, 28.12910270690918], [83.63634490966797, 28.131389617919922], [83.63796997070312, 28.133106231689453], [83.63960266113281, 28.135393142700195], [83.63993835449219, 28.136825561523438], [83.64093017578125, 28.13998031616211], [83.64094543457031, 28.141983032226562], [83.6409683227539, 28.14629364013672], [83.6400146484375, 28.14945411682129], [83.6403579711914, 28.152034759521484], [83.64068603515625, 28.152889251708984], [83.64102172851562, 28.15432357788086], [83.641357421875, 28.156333923339844], [83.64202117919922, 28.15862274169922], [83.64268493652344, 28.161209106445312], [83.64398956298828, 28.162919998168945], [83.64530181884766, 28.165494918823242], [83.6459732055664, 28.16951560974121], [83.64568328857422, 28.174396514892578], [83.6460189819336, 28.176687240600586], [83.64635467529297, 28.177831649780273], [83.64700317382812, 28.17897605895996], [83.64765930175781, 28.18012809753418], [83.64897155761719, 28.182126998901367], [83.64994812011719, 28.18326759338379], [83.65158081054688, 28.185266494750977], [83.65321350097656, 28.186983108520508], [83.6554946899414, 28.18897819519043], [83.65711975097656, 28.190406799316406], [83.65875244140625, 28.191835403442383], [83.66070556640625, 28.193832397460938], [83.6629867553711, 28.19582748413086], [83.66461181640625, 28.197256088256836], [83.6668930053711, 28.19896125793457], [83.66819763183594, 28.1998233795166], [83.6707992553711, 28.20123863220215], [83.67372131347656, 28.202943801879883], [83.67374420166016, 28.205820083618164], [83.67440032958984, 28.20753288269043], [83.67538452148438, 28.209251403808594], [83.67572021484375, 28.211261749267578], [83.67671203613281, 28.213550567626953], [83.67704010009766, 28.214982986450195], [83.67737579345703, 28.216705322265625], [83.6773910522461, 28.219005584716797], [83.6767578125, 28.22130012512207], [83.67613220214844, 28.22389030456543], [83.67485046386719, 28.22647476196289], [83.67388916015625, 28.228200912475586], [83.67098236083984, 28.23023223876953], [83.67034149169922, 28.230812072753906], [83.66807556152344, 28.23167610168457], [83.66678619384766, 28.232547760009766], [83.66419982910156, 28.233421325683594], [83.66259002685547, 28.235151290893555], [83.66033172607422, 28.23689079284668], [83.65904235839844, 28.2371826171875], [83.65676879882812, 28.23719024658203], [83.65386199951172, 28.237497329711914], [83.65093994140625, 28.237796783447266], [83.648681640625, 28.23895835876465], [83.64643096923828, 28.24126625061035], [83.64320373535156, 28.243865966796875], [83.64191436767578, 28.245025634765625], [83.64061737060547, 28.24560546875], [83.6380386352539, 28.24675941467285], [83.6367416381836, 28.247053146362305], [83.63447570800781, 28.24764633178711], [83.63188934326172, 28.24852180480957], [83.6305923461914, 28.249094009399414], [83.62833404541016, 28.250255584716797], [83.62671661376953, 28.250837326049805], [83.6250991821289, 28.251708984375], [83.6231689453125, 28.253437042236328], [83.62059020996094, 28.25603485107422], [83.61962127685547, 28.25690269470215], [83.61865997314453, 28.257762908935547], [83.6180191040039, 28.258920669555664], [83.61608123779297, 28.261226654052734], [83.61576843261719, 28.26266098022461], [83.61448669433594, 28.265533447265625], [83.613525390625, 28.267547607421875], [83.61289978027344, 28.270427703857422], [83.61097717285156, 28.274456024169922], [83.61033630371094, 28.275314331054688], [83.61002349853516, 28.27703857421875], [83.60971069335938, 28.27962875366211], [83.61004638671875, 28.281341552734375], [83.61038208007812, 28.283063888549805], [83.6107177734375, 28.28507423400879], [83.61040496826172, 28.28679847717285], [83.60911560058594, 28.288236618041992], [83.60782623291016, 28.28939437866211], [83.60686492919922, 28.29140853881836], [83.60688781738281, 28.29542350769043], [83.60625457763672, 28.298294067382812]]]}}, {"type": "Feature", "id": 35, "properties": {"DISTRICT": "SYANGJA"}, "geometry": {"type": "Polygon", "coordinates": [[[83.80223846435547, 28.228261947631836], [83.8097152709961, 28.22454071044922], [83.81426239013672, 28.219379425048828], [83.8158950805664, 28.216800689697266], [83.81784057617188, 28.214500427246094], [83.82303619384766, 28.21307945251465], [83.82660675048828, 28.21308135986328], [83.83179473876953, 28.2133731842041], [83.83828735351562, 28.212522506713867], [83.8415298461914, 28.211090087890625], [83.84477996826172, 28.209081649780273], [83.84835052490234, 28.20650291442871], [83.85160064697266, 28.203060150146484], [83.85387420654297, 28.20048713684082], [83.85810089111328, 28.197328567504883], [83.8606948852539, 28.19618797302246], [83.86458587646484, 28.19618797302246], [83.86815643310547, 28.196475982666016], [83.87139892578125, 28.197343826293945], [83.87432098388672, 28.197059631347656], [83.88146209716797, 28.194190979003906], [83.88665008544922, 28.19362449645996], [83.890869140625, 28.193342208862305], [83.89476013183594, 28.192481994628906], [83.89703369140625, 28.19162368774414], [83.90093231201172, 28.18818473815918], [83.90320587158203, 28.18560218811035], [83.9051513671875, 28.18330955505371], [83.90742492675781, 28.180727005004883], [83.90969848632812, 28.178722381591797], [83.91067504882812, 28.177860260009766], [83.91780853271484, 28.173555374145508], [83.92170715332031, 28.170684814453125], [83.92398071289062, 28.168678283691406], [83.92560577392578, 28.166677474975586], [83.92625427246094, 28.16437339782715], [83.92625427246094, 28.160648345947266], [83.92626190185547, 28.157779693603516], [83.92723083496094, 28.154048919677734], [83.92950439453125, 28.150888442993164], [83.93242645263672, 28.148021697998047], [83.93437194824219, 28.146297454833984], [83.93697357177734, 28.144866943359375], [83.93794250488281, 28.1442928314209], [83.9434585571289, 28.142566680908203], [83.94572448730469, 28.141996383666992], [83.94831848144531, 28.14171028137207], [83.95124053955078, 28.14113426208496], [83.95415496826172, 28.140567779541016], [83.95578002929688, 28.14027976989746], [83.9583740234375, 28.139995574951172], [83.96064758300781, 28.13797950744629], [83.96453857421875, 28.138561248779297], [83.97037506103516, 28.139989852905273], [83.97166442871094, 28.14056968688965], [83.9745864868164, 28.14056968688965], [83.97750091552734, 28.14113998413086], [83.98107147216797, 28.141714096069336], [83.98431396484375, 28.142292022705078], [83.98722839355469, 28.14171600341797], [83.989501953125, 28.141141891479492], [83.99176788330078, 28.13942527770996], [83.9930648803711, 28.137414932250977], [83.99565887451172, 28.13569450378418], [83.99793243408203, 28.13483238220215], [84.00020599365234, 28.13425064086914], [84.00247192382812, 28.133678436279297], [84.00408935546875, 28.132244110107422], [84.0053939819336, 28.130809783935547], [84.0057144165039, 28.129663467407227], [84.0057144165039, 28.126794815063477], [84.0047378540039, 28.124500274658203], [84.0044174194336, 28.12276840209961], [84.00409698486328, 28.121047973632812], [84.0044174194336, 28.11933135986328], [84.0044174194336, 28.11817741394043], [84.00474548339844, 28.117029190063477], [84.0053939819336, 28.115880966186523], [84.00411224365234, 28.114688873291016], [84.00110626220703, 28.114046096801758], [83.9972152709961, 28.11376190185547], [83.99267578125, 28.112327575683594], [83.99137878417969, 28.10887908935547], [83.9891128540039, 28.104291915893555], [83.98490142822266, 28.102855682373047], [83.98004150390625, 28.101133346557617], [83.97615051269531, 28.09768295288086], [83.97258758544922, 28.09510612487793], [83.96837615966797, 28.093379974365234], [83.96707916259766, 28.0933780670166], [83.96448516845703, 28.093095779418945], [83.96253967285156, 28.09280776977539], [83.9605941772461, 28.09194564819336], [83.9580078125, 28.08993911743164], [83.95735931396484, 28.085918426513672], [83.96060180664062, 28.083330154418945], [83.96514129638672, 28.080751419067383], [83.9674072265625, 28.07731056213379], [83.96578979492188, 28.074153900146484], [83.9638442993164, 28.071855545043945], [83.96287536621094, 28.070995330810547], [83.96125793457031, 28.069271087646484], [83.95931243896484, 28.06381607055664], [83.9599609375, 28.060943603515625], [83.96158599853516, 28.056928634643555], [83.96158599853516, 28.0526180267334], [83.96126556396484, 28.04745864868164], [83.96353149414062, 28.04429817199707], [83.96807098388672, 28.042863845825195], [83.97260284423828, 28.0411434173584], [83.97714233398438, 28.039709091186523], [83.979736328125, 28.040569305419922], [83.98265075683594, 28.043149948120117], [83.9871826171875, 28.046884536743164], [83.9907455444336, 28.048892974853516], [83.99171447753906, 28.048887252807617], [83.99398803710938, 28.048315048217773], [83.99891662597656, 28.04642105102539], [84.00054168701172, 28.04240608215332], [84.00313568115234, 28.03551483154297], [84.00442504882812, 28.03321647644043], [84.00540161132812, 28.03178596496582], [84.0066909790039, 28.030920028686523], [84.00863647460938, 28.030349731445312], [84.01155090332031, 28.030061721801758], [84.01349639892578, 28.03034782409668], [84.01705932617188, 28.030054092407227], [84.0196533203125, 28.03005599975586], [84.02288818359375, 28.029478073120117], [84.02613067626953, 28.028329849243164], [84.02774810791016, 28.0274715423584], [84.02969360351562, 28.025745391845703], [84.03001403808594, 28.02459716796875], [84.03099060058594, 28.0225887298584], [84.0319595336914, 28.02115821838379], [84.03325653076172, 28.018569946289062], [84.0306625366211, 28.016565322875977], [84.02450561523438, 28.013689041137695], [84.02094268798828, 28.012836456298828], [84.01802825927734, 28.01254653930664], [84.0151138305664, 28.012836456298828], [84.01187896728516, 28.01283836364746], [84.00896453857422, 28.01226043701172], [84.00733947753906, 28.01169204711914], [84.00507354736328, 28.009963989257812], [84.00442504882812, 28.007957458496094], [84.00410461425781, 28.006813049316406], [84.0037841796875, 28.005949020385742], [84.00248718261719, 28.00307846069336], [84.00054168701172, 28.00020408630371], [83.9989242553711, 27.999059677124023], [83.99697875976562, 27.99704933166504], [83.99504089355469, 27.995040893554688], [83.99244689941406, 27.9930362701416], [83.98986053466797, 27.99102210998535], [83.98759460449219, 27.989303588867188], [83.98500061035156, 27.987577438354492], [83.9830551147461, 27.98614501953125], [83.98143768310547, 27.985000610351562], [83.98078918457031, 27.98356056213379], [83.97982025146484, 27.981266021728516], [83.98046875, 27.978681564331055], [83.9814453125, 27.976673126220703], [83.98209381103516, 27.974666595458984], [83.98306274414062, 27.972082138061523], [83.98209381103516, 27.96719741821289], [83.97917938232422, 27.962604522705078], [83.97691345214844, 27.960309982299805], [83.97561645507812, 27.958017349243164], [83.97464752197266, 27.956010818481445], [83.97400665283203, 27.953136444091797], [83.97367858886719, 27.949981689453125], [83.97335815429688, 27.94624900817871], [83.97367858886719, 27.943378448486328], [83.97465515136719, 27.941370010375977], [83.97530364990234, 27.939353942871094], [83.97594451904297, 27.936491012573242], [83.97660064697266, 27.93160629272461], [83.97789001464844, 27.92701530456543], [83.97821807861328, 27.925291061401367], [83.9785385131836, 27.924142837524414], [83.97918701171875, 27.922136306762695], [83.98177337646484, 27.91668128967285], [83.98210144042969, 27.9155330657959], [83.98210144042969, 27.91208839416504], [83.98178100585938, 27.910078048706055], [83.98145294189453, 27.90806770324707], [83.98080444335938, 27.906349182128906], [83.98048400878906, 27.904338836669922], [83.9798355102539, 27.901185989379883], [83.97401428222656, 27.9000301361084], [83.96819305419922, 27.899459838867188], [83.96560668945312, 27.898887634277344], [83.9630126953125, 27.898027420043945], [83.96172332763672, 27.897449493408203], [83.95978546142578, 27.895729064941406], [83.95590209960938, 27.89228630065918], [83.95169830322266, 27.892284393310547], [83.9484634399414, 27.891996383666992], [83.94522857666016, 27.890274047851562], [83.94296264648438, 27.88883399963379], [83.9416732788086, 27.88625144958496], [83.94264221191406, 27.883386611938477], [83.94393920898438, 27.881376266479492], [83.94458770751953, 27.88022804260254], [83.94522857666016, 27.879077911376953], [83.94523620605469, 27.87649917602539], [83.94232177734375, 27.87735366821289], [83.94070434570312, 27.877065658569336], [83.9390869140625, 27.876209259033203], [83.93746948242188, 27.87505340576172], [83.93553161621094, 27.873332977294922], [83.93326568603516, 27.871902465820312], [83.93164825439453, 27.87132453918457], [83.92938995361328, 27.870752334594727], [83.92680358886719, 27.870180130004883], [83.9245376586914, 27.86988639831543], [83.92162322998047, 27.87017250061035], [83.91936492919922, 27.870744705200195], [83.9180679321289, 27.871030807495117], [83.91353607177734, 27.874475479125977], [83.91288757324219, 27.876489639282227], [83.91223907470703, 27.877918243408203], [83.9103012084961, 27.879932403564453], [83.90868377685547, 27.880788803100586], [83.90544891357422, 27.881364822387695], [83.90253448486328, 27.881362915039062], [83.89929962158203, 27.88193130493164], [83.8963851928711, 27.882217407226562], [83.89412689208984, 27.882789611816406], [83.8912124633789, 27.883363723754883], [83.88765716552734, 27.882497787475586], [83.88539123535156, 27.88192367553711], [83.88280487060547, 27.88163948059082], [83.8818359375, 27.88306999206543], [83.880859375, 27.88507843017578], [83.87568664550781, 27.886512756347656], [83.87374114990234, 27.885936737060547], [83.87083435058594, 27.88478660583496], [83.867919921875, 27.883350372314453], [83.8650131225586, 27.881624221801758], [83.86307525634766, 27.87932586669922], [83.86243438720703, 27.87674903869629], [83.86243438720703, 27.875024795532227], [83.8608169555664, 27.87301254272461], [83.85952758789062, 27.872154235839844], [83.85694122314453, 27.873294830322266], [83.85499572753906, 27.87415313720703], [83.85369873046875, 27.87702751159668], [83.85240173339844, 27.879316329956055], [83.85013580322266, 27.880464553833008], [83.8478775024414, 27.879032135009766], [83.84723663330078, 27.87701416015625], [83.84788513183594, 27.8741512298584], [83.84820556640625, 27.872426986694336], [83.84821319580078, 27.87099266052246], [83.84756469726562, 27.86898422241211], [83.84659576416016, 27.86812400817871], [83.84465789794922, 27.867835998535156], [83.84207153320312, 27.867830276489258], [83.83980560302734, 27.86840057373047], [83.83624267578125, 27.8701229095459], [83.83333587646484, 27.871265411376953], [83.82880401611328, 27.87384033203125], [83.82588958740234, 27.87470245361328], [83.8229751586914, 27.87498664855957], [83.821044921875, 27.87383270263672], [83.81909942626953, 27.87268829345703], [83.81684112548828, 27.871246337890625], [83.81392669677734, 27.87124252319336], [83.81134033203125, 27.871814727783203], [83.80842590332031, 27.87296485900879], [83.80680847167969, 27.874107360839844], [83.80421447753906, 27.876970291137695], [83.80194854736328, 27.879840850830078], [83.79936218261719, 27.88155746459961], [83.79547119140625, 27.883569717407227], [83.79418182373047, 27.88413429260254], [83.79191589355469, 27.885570526123047], [83.78997039794922, 27.886714935302734], [83.78705596923828, 27.889299392700195], [83.78511047363281, 27.891590118408203], [83.78348541259766, 27.893878936767578], [83.78186798095703, 27.896745681762695], [83.78089141845703, 27.8990421295166], [83.7782974243164, 27.901334762573242], [83.77635192871094, 27.903913497924805], [83.77440643310547, 27.90534782409668], [83.7724609375, 27.906782150268555], [83.76437377929688, 27.908775329589844], [83.76275634765625, 27.90877342224121], [83.76081085205078, 27.90819549560547], [83.75920104980469, 27.905902862548828], [83.75856018066406, 27.903894424438477], [83.75726318359375, 27.90274429321289], [83.75467681884766, 27.902738571166992], [83.75305938720703, 27.9041690826416], [83.75078582763672, 27.906749725341797], [83.74851989746094, 27.907608032226562], [83.74528503417969, 27.907604217529297], [83.74561309814453, 27.905590057373047], [83.74691772460938, 27.903303146362305], [83.74659729003906, 27.901573181152344], [83.7456283569336, 27.90043067932129], [83.74368286132812, 27.900711059570312], [83.74141693115234, 27.90185546875], [83.73883056640625, 27.903284072875977], [83.7372055053711, 27.905004501342773], [83.73461151123047, 27.90758514404297], [83.73299407958984, 27.90901756286621], [83.72975158691406, 27.911880493164062], [83.7278060913086, 27.913312911987305], [83.72618865966797, 27.914167404174805], [83.72359466552734, 27.915884017944336], [83.72164916992188, 27.917892456054688], [83.7197036743164, 27.919036865234375], [83.71711730957031, 27.91931915283203], [83.71420288085938, 27.91873550415039], [83.71096801757812, 27.918161392211914], [83.70838165283203, 27.91757583618164], [83.7064437866211, 27.917285919189453], [83.70352935791016, 27.91699981689453], [83.69965362548828, 27.916988372802734], [83.6973876953125, 27.917268753051758], [83.69544219970703, 27.918411254882812], [83.6928482055664, 27.920703887939453], [83.6915512084961, 27.92127799987793], [83.68831634521484, 27.920413970947266], [83.68573760986328, 27.918684005737305], [83.68315124511719, 27.918107986450195], [83.68119812011719, 27.92039680480957], [83.68087005615234, 27.922121047973633], [83.67957305908203, 27.92469596862793], [83.67826843261719, 27.926124572753906], [83.67601013183594, 27.92641258239746], [83.67277526855469, 27.925540924072266], [83.66761016845703, 27.92180061340332], [83.66664123535156, 27.920080184936523], [83.66632080078125, 27.91921615600586], [83.6650390625, 27.916921615600586], [83.66407012939453, 27.914615631103516], [83.66278839111328, 27.912609100341797], [83.6614990234375, 27.910024642944336], [83.66085815429688, 27.90800666809082], [83.65924835205078, 27.90571403503418], [83.657958984375, 27.903697967529297], [83.65666961669922, 27.902259826660156], [83.65376281738281, 27.90081787109375], [83.65150451660156, 27.900239944458008], [83.64826965332031, 27.899944305419922], [83.64503479003906, 27.900226593017578], [83.64179992675781, 27.90079689025879], [83.63920593261719, 27.901077270507812], [83.6366195678711, 27.901355743408203], [83.63467407226562, 27.90192222595215], [83.63370513916016, 27.9030704498291], [83.63401794433594, 27.905649185180664], [83.63433074951172, 27.907947540283203], [83.63465118408203, 27.909957885742188], [83.63399505615234, 27.913116455078125], [83.63269805908203, 27.9145450592041], [83.63042449951172, 27.91511344909668], [83.62848663330078, 27.915678024291992], [83.626220703125, 27.915966033935547], [83.62492370605469, 27.916250228881836], [83.62362670898438, 27.917966842651367], [83.62297058105469, 27.920549392700195], [83.62361145019531, 27.922557830810547], [83.62360382080078, 27.924570083618164], [83.62230682373047, 27.92599868774414], [83.62068176269531, 27.927141189575195], [83.61712646484375, 27.927133560180664], [83.61550903320312, 27.92655372619629], [83.6138916015625, 27.92569351196289], [83.61195373535156, 27.924535751342773], [83.61001586914062, 27.923667907714844], [83.60742950439453, 27.923377990722656], [83.60484313964844, 27.923078536987305], [83.60257720947266, 27.923654556274414], [83.60031127929688, 27.924509048461914], [83.5983657836914, 27.92565155029297], [83.59706115722656, 27.92793846130371], [83.59576416015625, 27.929655075073242], [83.591552734375, 27.930795669555664], [83.58960723876953, 27.93079376220703], [83.58702087402344, 27.930782318115234], [83.5841064453125, 27.931062698364258], [83.5811996459961, 27.931053161621094], [83.57828521728516, 27.93104362487793], [83.57698822021484, 27.931903839111328], [83.57730865478516, 27.933626174926758], [83.57794189453125, 27.93563461303711], [83.57826232910156, 27.93793296813965], [83.57630920410156, 27.93964385986328], [83.57437133789062, 27.939640045166016], [83.57211303710938, 27.93848419189453], [83.56985473632812, 27.937047958374023], [83.56791687011719, 27.935321807861328], [83.56340026855469, 27.932720184326172], [83.55854797363281, 27.93185043334961], [83.55661010742188, 27.930980682373047], [83.55467224121094, 27.92982292175293], [83.55274200439453, 27.928674697875977], [83.55015563964844, 27.927518844604492], [83.54789733886719, 27.92664909362793], [83.5453109741211, 27.926349639892578], [83.54271697998047, 27.926637649536133], [83.54045104980469, 27.928058624267578], [83.53914642333984, 27.930065155029297], [83.53718566894531, 27.933794021606445], [83.533935546875, 27.937509536743164], [83.53231811523438, 27.93721580505371], [83.53071594238281, 27.935199737548828], [83.53007507324219, 27.93347930908203], [83.52943420410156, 27.93147087097168], [83.52912139892578, 27.92974853515625], [83.52816009521484, 27.927452087402344], [83.52687072753906, 27.926292419433594], [83.52460479736328, 27.92571258544922], [83.52330780029297, 27.926572799682617], [83.52297973632812, 27.9285831451416], [83.5223159790039, 27.93144416809082], [83.5213394165039, 27.933168411254883], [83.51873779296875, 27.936025619506836], [83.5171127319336, 27.937454223632812], [83.51483917236328, 27.938884735107422], [83.5125732421875, 27.940305709838867], [83.5099868774414, 27.94001579284668], [83.50869750976562, 27.93886375427246], [83.50773620605469, 27.937135696411133], [83.50774383544922, 27.935123443603516], [83.50872802734375, 27.93284034729004], [83.5090560913086, 27.930828094482422], [83.50906372070312, 27.929105758666992], [83.5084228515625, 27.928241729736328], [83.50713348388672, 27.92766761779785], [83.5058364868164, 27.927085876464844], [83.50422668457031, 27.926511764526367], [83.50131225585938, 27.92706871032715], [83.4993667602539, 27.927352905273438], [83.49742889404297, 27.927349090576172], [83.49323272705078, 27.925899505615234], [83.49193572998047, 27.925315856933594], [83.48999786376953, 27.924453735351562], [83.48741912841797, 27.923297882080078], [83.48515319824219, 27.923572540283203], [83.4828872680664, 27.92384910583496], [83.47997283935547, 27.92470359802246], [83.47802734375, 27.925556182861328], [83.47543334960938, 27.92669677734375], [83.47315979003906, 27.92782974243164], [83.47056579589844, 27.929838180541992], [83.46926879882812, 27.930688858032227], [83.46731567382812, 27.932405471801758], [83.46504974365234, 27.93354606628418], [83.46278381347656, 27.934110641479492], [83.4608383178711, 27.934097290039062], [83.45890045166016, 27.93380355834961], [83.45728302001953, 27.933229446411133], [83.4527587890625, 27.932634353637695], [83.4511489868164, 27.932052612304688], [83.44856262207031, 27.931760787963867], [83.44661712646484, 27.93175506591797], [83.44532012939453, 27.932605743408203], [83.44303894042969, 27.9351806640625], [83.44303894042969, 27.93622589111328], [83.44206237792969, 27.9368953704834], [83.44205474853516, 27.938905715942383], [83.44268798828125, 27.940916061401367], [83.4439697265625, 27.943510055541992], [83.4455795288086, 27.9458065032959], [83.44654083251953, 27.946670532226562], [83.44879913330078, 27.947540283203125], [83.4520263671875, 27.94927406311035], [83.45364379882812, 27.950143814086914], [83.45525360107422, 27.951007843017578], [83.45783996582031, 27.95245361328125], [83.45977020263672, 27.953603744506836], [83.4610595703125, 27.95447540283203], [83.46299743652344, 27.95620346069336], [83.46492004394531, 27.95879554748535], [83.46685028076172, 27.961668014526367], [83.46813201904297, 27.96483039855957], [83.4687728881836, 27.965694427490234], [83.47037506103516, 27.96799087524414], [83.47166442871094, 27.969430923461914], [83.47456359863281, 27.972030639648438], [83.47618103027344, 27.973180770874023], [83.48004913330078, 27.975778579711914], [83.4832763671875, 27.977798461914062], [83.48650360107422, 27.979812622070312], [83.48876190185547, 27.98097038269043], [83.4906997680664, 27.981552124023438], [83.49296569824219, 27.981843948364258], [83.49555206298828, 27.981855392456055], [83.49749755859375, 27.981292724609375], [83.49945068359375, 27.980152130126953], [83.5000991821289, 27.979572296142578], [83.5010757446289, 27.97843360900879], [83.50270080566406, 27.977005004882812], [83.50431823730469, 27.97586441040039], [83.50497436523438, 27.975006103515625], [83.50659942626953, 27.97357749938965], [83.50919342041016, 27.97214698791504], [83.51146697998047, 27.97014808654785], [83.5130844116211, 27.969287872314453], [83.5153579711914, 27.967866897583008], [83.5173110961914, 27.966148376464844], [83.51892852783203, 27.965295791625977], [83.52281951904297, 27.964447021484375], [83.5247573852539, 27.964452743530273], [83.5283203125, 27.965038299560547], [83.5312271118164, 27.965904235839844], [83.53349304199219, 27.966205596923828], [83.53543090820312, 27.96649742126465], [83.53833770751953, 27.967365264892578], [83.53995513916016, 27.96823501586914], [83.54254150390625, 27.96910285949707], [83.54512023925781, 27.970827102661133], [83.5473861694336, 27.971696853637695], [83.54899597167969, 27.972566604614258], [83.55093383789062, 27.974292755126953], [83.5548095703125, 27.97574234008789], [83.55674743652344, 27.97603416442871], [83.5586929321289, 27.97517204284668], [83.56096649169922, 27.974327087402344], [83.563232421875, 27.974040985107422], [83.5661392211914, 27.974340438842773], [83.56840515136719, 27.974342346191406], [83.57067108154297, 27.97406578063965], [83.57196807861328, 27.974069595336914], [83.5745620727539, 27.973791122436523], [83.5771484375, 27.973514556884766], [83.57941436767578, 27.974092483520508], [83.58102416992188, 27.97553062438965], [83.58296203613281, 27.97640037536621], [83.58425903320312, 27.976974487304688], [83.58748626708984, 27.97928237915039], [83.58877563476562, 27.98072052001953], [83.5887680053711, 27.982723236083984], [83.58908081054688, 27.98416519165039], [83.58940124511719, 27.985885620117188], [83.59069061279297, 27.987035751342773], [83.5926284790039, 27.987327575683594], [83.59424591064453, 27.9879093170166], [83.59618377685547, 27.989057540893555], [83.59844970703125, 27.99021339416504], [83.60038757324219, 27.9910831451416], [83.60167694091797, 27.991945266723633], [83.60264587402344, 27.992807388305664], [83.60425567626953, 27.99453353881836], [83.60554504394531, 27.996549606323242], [83.60650634765625, 27.999135971069336], [83.60649871826172, 28.000568389892578], [83.60681915283203, 28.002290725708008], [83.60713195800781, 28.00486946105957], [83.60745239257812, 28.006589889526367], [83.60841369628906, 28.008317947387695], [83.60906219482422, 28.009471893310547], [83.61002349853516, 28.010334014892578], [83.61082458496094, 28.010900497436523], [83.61164093017578, 28.01148223876953], [83.6129379272461, 28.012065887451172], [83.61455535888672, 28.012348175048828], [83.61681365966797, 28.01264762878418], [83.62071228027344, 28.01093101501465], [83.62459564208984, 28.009511947631836], [83.626220703125, 28.008649826049805], [83.62849426269531, 28.00751495361328], [83.6310806274414, 28.00665855407715], [83.6330337524414, 28.005516052246094], [83.63529968261719, 28.00408172607422], [83.63724517822266, 28.002939224243164], [83.64114379882812, 28.0003662109375], [83.64470672607422, 27.998947143554688], [83.64566802978516, 28.00153160095215], [83.64727783203125, 28.004114151000977], [83.64824676513672, 28.006122589111328], [83.64856719970703, 28.007274627685547], [83.65081787109375, 28.01186752319336], [83.65372467041016, 28.01359748840332], [83.65955352783203, 28.013900756835938], [83.66441345214844, 28.013334274291992], [83.66764831542969, 28.013917922973633], [83.67121124267578, 28.014211654663086], [83.67476654052734, 28.01450538635254], [83.67768096923828, 28.013656616210938], [83.68124389648438, 28.014238357543945], [83.68383026123047, 28.014814376831055], [83.68608856201172, 28.017404556274414], [83.68802642822266, 28.019704818725586], [83.69061279296875, 28.021427154541016], [83.69481658935547, 28.02345085144043], [83.69934844970703, 28.025182723999023], [83.70063781738281, 28.025466918945312], [83.70095825195312, 28.02718734741211], [83.70030212402344, 28.029489517211914], [83.69964599609375, 28.032928466796875], [83.69963073730469, 28.037519454956055], [83.70027160644531, 28.040674209594727], [83.70155334472656, 28.044410705566406], [83.70478820800781, 28.04815101623535], [83.70801544189453, 28.051025390625], [83.71253967285156, 28.054479598999023], [83.7170639038086, 28.057645797729492], [83.71932983398438, 28.059368133544922], [83.72158813476562, 28.06195640563965], [83.72126770019531, 28.062814712524414], [83.71932220458984, 28.063671112060547], [83.71510314941406, 28.064525604248047], [83.7131576538086, 28.065670013427734], [83.7102279663086, 28.071687698364258], [83.7092514038086, 28.072837829589844], [83.7085952758789, 28.07541847229004], [83.70825958251953, 28.07943344116211], [83.70890045166016, 28.082019805908203], [83.71116638183594, 28.083463668823242], [83.71504974365234, 28.084331512451172], [83.71796417236328, 28.084617614746094], [83.72184753417969, 28.086063385009766], [83.72346496582031, 28.086645126342773], [83.72799682617188, 28.090089797973633], [83.73058319091797, 28.091819763183594], [83.73316955566406, 28.093830108642578], [83.735107421875, 28.094985961914062], [83.7376937866211, 28.0972843170166], [83.73866271972656, 28.099300384521484], [83.73833465576172, 28.102170944213867], [83.73767852783203, 28.103885650634766], [83.73540496826172, 28.106178283691406], [83.73345947265625, 28.10761070251465], [83.72988891601562, 28.10875129699707], [83.72502899169922, 28.109600067138672], [83.7224349975586, 28.109882354736328], [83.71886444091797, 28.111600875854492], [83.71561431884766, 28.115039825439453], [83.71269226074219, 28.117034912109375], [83.70944213867188, 28.119617462158203], [83.70878601074219, 28.12220001220703], [83.70877838134766, 28.125925064086914], [83.7097396850586, 28.129087448120117], [83.71134948730469, 28.1319580078125], [83.71458435058594, 28.134830474853516], [83.71749877929688, 28.13713836669922], [83.72137451171875, 28.13973045349121], [83.7255859375, 28.141454696655273], [83.72882080078125, 28.144336700439453], [83.73173522949219, 28.145776748657227], [83.7356185913086, 28.147502899169922], [83.740478515625, 28.148664474487305], [83.74404907226562, 28.149246215820312], [83.7453384399414, 28.15010643005371], [83.74597930908203, 28.152971267700195], [83.74694061279297, 28.157278060913086], [83.74920654296875, 28.161012649536133], [83.75179290771484, 28.16417694091797], [83.7550277709961, 28.167049407958984], [83.75761413574219, 28.168779373168945], [83.76085662841797, 28.169361114501953], [83.7634506225586, 28.16908073425293], [83.7657241821289, 28.168502807617188], [83.76766204833984, 28.169946670532227], [83.76701354980469, 28.1722412109375], [83.76570892333984, 28.173669815063477], [83.76375579833984, 28.175960540771484], [83.76277923583984, 28.177398681640625], [83.76180267333984, 28.179983139038086], [83.76114654541016, 28.182275772094727], [83.76081848144531, 28.185434341430664], [83.7621078491211, 28.18830680847168], [83.7624282836914, 28.18916130065918], [83.76372528076172, 28.190887451171875], [83.76631164550781, 28.19405174255371], [83.7679214477539, 28.196922302246094], [83.76953887939453, 28.199792861938477], [83.77212524414062, 28.20237922668457], [83.7740707397461, 28.202388763427734], [83.7760238647461, 28.200956344604492], [83.7782974243164, 28.199522018432617], [83.78154754638672, 28.197803497314453], [83.78414154052734, 28.196664810180664], [83.78641510009766, 28.19666290283203], [83.7896499633789, 28.198101043701172], [83.79354095458984, 28.200403213500977], [83.79613494873047, 28.202709197998047], [83.79742431640625, 28.204147338867188], [83.79872131347656, 28.20529556274414], [83.8006591796875, 28.207307815551758], [83.8016357421875, 28.209026336669922], [83.80259704589844, 28.211042404174805], [83.80389404296875, 28.21304702758789], [83.8045425415039, 28.21419906616211], [83.80486297607422, 28.21563148498535], [83.80485534667969, 28.21879005432129], [83.80485534667969, 28.219934463500977], [83.80452728271484, 28.222524642944336], [83.80387115478516, 28.22481918334961], [83.80223846435547, 28.228261947631836]]]}}, {"type": "Feature", "id": 38, "properties": {"DISTRICT": "TANAHUN", "id": "tanahun"}, "geometry": {"type": "Polygon", "coordinates": [[[84.0053939819336, 28.115880966186523], [84.00765991210938, 28.112438201904297], [84.00928497314453, 28.109569549560547], [84.01058197021484, 28.107847213745117], [84.01187896728516, 28.106693267822266], [84.01317596435547, 28.105838775634766], [84.01705932617188, 28.104976654052734], [84.02095031738281, 28.103256225585938], [84.02613830566406, 28.103540420532227], [84.02873229980469, 28.103532791137695], [84.03099822998047, 28.103248596191406], [84.0335922241211, 28.102096557617188], [84.0348892211914, 28.1009521484375], [84.03650665283203, 28.099803924560547], [84.03780364990234, 28.098081588745117], [84.0384521484375, 28.09722137451172], [84.03910064697266, 28.096071243286133], [84.04007720947266, 28.09463119506836], [84.04493713378906, 28.092914581298828], [84.05011749267578, 28.090896606445312], [84.05433654785156, 28.089750289916992], [84.05854797363281, 28.088027954101562], [84.06243896484375, 28.086585998535156], [84.06535339355469, 28.08515167236328], [84.06729888916016, 28.084291458129883], [84.07086181640625, 28.08399772644043], [84.07442474365234, 28.085147857666016], [84.0760498046875, 28.08571434020996], [84.07831573486328, 28.086862564086914], [84.08318328857422, 28.088871002197266], [84.08512115478516, 28.08944320678711], [84.08706665039062, 28.090017318725586], [84.09063720703125, 28.092880249023438], [84.09258270263672, 28.09546661376953], [84.09420776367188, 28.097476959228516], [84.09550476074219, 28.099191665649414], [84.09745025634766, 28.100919723510742], [84.09939575195312, 28.102060317993164], [84.11074829101562, 28.10664939880371], [84.11268615722656, 28.10577964782715], [84.11431121826172, 28.10491943359375], [84.11625671386719, 28.10405921936035], [84.11852264404297, 28.10232925415039], [84.12208557128906, 28.099742889404297], [84.12403106689453, 28.09859275817871], [84.12629699707031, 28.097728729248047], [84.13050842285156, 28.096580505371094], [84.1343994140625, 28.096572875976562], [84.13699340820312, 28.096860885620117], [84.13958740234375, 28.097429275512695], [84.14607238769531, 28.09943199157715], [84.14898681640625, 28.09971809387207], [84.15385437011719, 28.09913444519043], [84.1577377319336, 28.098556518554688], [84.16227722167969, 28.096538543701172], [84.1661605834961, 28.09539222717285], [84.17037963867188, 28.09510040283203], [84.17296600341797, 28.093944549560547], [84.17652893066406, 28.091068267822266], [84.179443359375, 28.087617874145508], [84.18235778808594, 28.086181640625], [84.18462371826172, 28.086750030517578], [84.18754577636719, 28.08875846862793], [84.19144439697266, 28.0927734375], [84.19436645507812, 28.095060348510742], [84.1976089477539, 28.096778869628906], [84.201171875, 28.096778869628906], [84.20344543457031, 28.09648323059082], [84.20960235595703, 28.09561538696289], [84.2151107788086, 28.096467971801758], [84.21771240234375, 28.098468780517578], [84.21932983398438, 28.099620819091797], [84.22225189208984, 28.099607467651367], [84.22516632080078, 28.098169326782227], [84.2267837524414, 28.097309112548828], [84.23002624511719, 28.095579147338867], [84.2319564819336, 28.090412139892578], [84.23260498046875, 28.08868408203125], [84.23421478271484, 28.084945678710938], [84.23648071289062, 28.081787109375], [84.23809051513672, 28.078914642333984], [84.23841857910156, 28.07805633544922], [84.24166107177734, 28.079771041870117], [84.24555206298828, 28.080337524414062], [84.24847412109375, 28.08119010925293], [84.25138854980469, 28.08233070373535], [84.25398254394531, 28.08347511291504], [84.25690460205078, 28.084903717041016], [84.2591781616211, 28.086339950561523], [84.26339721679688, 28.088624954223633], [84.26502227783203, 28.089767456054688], [84.26761627197266, 28.09119987487793], [84.26891326904297, 28.09177589416504], [84.27183532714844, 28.092050552368164], [84.27507781982422, 28.092042922973633], [84.27734375, 28.092042922973633], [84.27928924560547, 28.09232521057129], [84.28123474121094, 28.093473434448242], [84.28221130371094, 28.09461212158203], [84.2848129272461, 28.096332550048828], [84.2880630493164, 28.0994815826416], [84.2935791015625, 28.101764678955078], [84.29747009277344, 28.10232925415039], [84.2994155883789, 28.10318946838379], [84.30136108398438, 28.103759765625], [84.30233764648438, 28.104328155517578], [84.30883026123047, 28.107759475708008], [84.31207275390625, 28.108905792236328], [84.3136978149414, 28.11004638671875], [84.31694793701172, 28.11176109313965], [84.31954193115234, 28.113481521606445], [84.32084655761719, 28.114336013793945], [84.32247161865234, 28.116344451904297], [84.32377624511719, 28.117488861083984], [84.32540130615234, 28.119497299194336], [84.32734680175781, 28.12092399597168], [84.32929992675781, 28.122350692749023], [84.33190155029297, 28.12407112121582], [84.33319854736328, 28.124927520751953], [84.33741760253906, 28.12664222717285], [84.34292602539062, 28.126054763793945], [84.3448715209961, 28.126047134399414], [84.3468246459961, 28.126327514648438], [84.34973907470703, 28.12689971923828], [84.35234069824219, 28.127464294433594], [84.35460662841797, 28.12803077697754], [84.35720825195312, 28.128883361816406], [84.35948181152344, 28.130027770996094], [84.36077880859375, 28.13031578063965], [84.36272430419922, 28.130596160888672], [84.36595916748047, 28.128862380981445], [84.37146759033203, 28.12740707397461], [84.37763214111328, 28.1276798248291], [84.38055419921875, 28.127382278442383], [84.38346862792969, 28.127086639404297], [84.3883285522461, 28.1270809173584], [84.3902816772461, 28.127361297607422], [84.39222717285156, 28.127931594848633], [84.39417266845703, 28.128211975097656], [84.3970947265625, 28.128772735595703], [84.39936065673828, 28.128480911254883], [84.40130615234375, 28.12847328186035], [84.40357971191406, 28.127893447875977], [84.40616607666016, 28.12702178955078], [84.40811157226562, 28.125579833984375], [84.41102600097656, 28.124425888061523], [84.4129638671875, 28.123271942138672], [84.41619873046875, 28.121248245239258], [84.41846466064453, 28.120100021362305], [84.42364501953125, 28.11749839782715], [84.42591094970703, 28.116052627563477], [84.42784881591797, 28.114898681640625], [84.42979431152344, 28.11374282836914], [84.43141174316406, 28.11288070678711], [84.433349609375, 28.112295150756836], [84.434326171875, 28.11200523376465], [84.43627166748047, 28.11142921447754], [84.43916320800781, 28.106538772583008], [84.44402313232422, 28.105365753173828], [84.44661712646484, 28.103635787963867], [84.44822692871094, 28.101049423217773], [84.45015716552734, 28.0987491607666], [84.45177459716797, 28.096731185913086], [84.45306396484375, 28.095861434936523], [84.45436096191406, 28.095001220703125], [84.456298828125, 28.09326934814453], [84.45887756347656, 28.090673446655273], [84.46437072753906, 28.084918975830078], [84.46598052978516, 28.083189010620117], [84.46726989746094, 28.081462860107422], [84.46920776367188, 28.079729080200195], [84.47114562988281, 28.077716827392578], [84.47210693359375, 28.075695037841797], [84.47339630126953, 28.073400497436523], [84.47435760498047, 28.071388244628906], [84.47532653808594, 28.06965446472168], [84.4762954711914, 28.06850814819336], [84.47757720947266, 28.065916061401367], [84.47886657714844, 28.06418800354004], [84.4798355102539, 28.063322067260742], [84.48080444335938, 28.062456130981445], [84.48176574707031, 28.060731887817383], [84.48369598388672, 28.05756378173828], [84.48077392578125, 28.054704666137695], [84.47718811035156, 28.050983428955078], [84.47588348388672, 28.04955291748047], [84.4745864868164, 28.04755210876465], [84.47360229492188, 28.046117782592773], [84.47196960449219, 28.043542861938477], [84.4703369140625, 28.04039192199707], [84.46968841552734, 28.03895378112793], [84.46837615966797, 28.036375045776367], [84.46736907958984, 28.02805519104004], [84.46605682373047, 28.02403450012207], [84.4657211303711, 28.021745681762695], [84.4657211303711, 28.0208797454834], [84.46538543701172, 28.01743507385254], [84.46309661865234, 28.012853622436523], [84.46015167236328, 28.006826400756836], [84.45852661132812, 28.00425148010254], [84.45657348632812, 28.00196075439453], [84.45462036132812, 27.99966812133789], [84.45298767089844, 27.997949600219727], [84.45169067382812, 27.996807098388672], [84.45006561279297, 27.995378494262695], [84.44811248779297, 27.993953704833984], [84.4451904296875, 27.992238998413086], [84.44291687011719, 27.990238189697266], [84.43999481201172, 27.987945556640625], [84.4374008178711, 27.986526489257812], [84.43512725830078, 27.985382080078125], [84.43285369873047, 27.98423957824707], [84.43122863769531, 27.98309898376465], [84.42927551269531, 27.980806350708008], [84.42635345458984, 27.977657318115234], [84.42438507080078, 27.97106170654297], [84.42436981201172, 27.968191146850586], [84.42565155029297, 27.964740753173828], [84.42564392089844, 27.9621524810791], [84.42530822753906, 27.960142135620117], [84.42530059814453, 27.957273483276367], [84.42529296875, 27.9564151763916], [84.42561340332031, 27.95526695251465], [84.42625427246094, 27.953536987304688], [84.43142700195312, 27.950647354125977], [84.43756866455078, 27.948911666870117], [84.43983459472656, 27.948322296142578], [84.4417724609375, 27.947744369506836], [84.44500732421875, 27.946876525878906], [84.44727325439453, 27.946575164794922], [84.45083618164062, 27.946569442749023], [84.45472717285156, 27.948274612426758], [84.45570373535156, 27.94913101196289], [84.45732116699219, 27.948835372924805], [84.4592514038086, 27.946823120117188], [84.461181640625, 27.944232940673828], [84.4647445678711, 27.943649291992188], [84.46797943115234, 27.94305992126465], [84.47089385986328, 27.942472457885742], [84.47250366210938, 27.941896438598633], [84.47380065917969, 27.941316604614258], [84.47541809082031, 27.940732955932617], [84.4770278930664, 27.939002990722656], [84.4786376953125, 27.936992645263672], [84.47959899902344, 27.934402465820312], [84.48346710205078, 27.931514739990234], [84.48960876464844, 27.929487228393555], [84.49284362792969, 27.928319931030273], [84.49542999267578, 27.927734375], [84.49801635742188, 27.92715835571289], [84.50157165527344, 27.92627716064453], [84.505126953125, 27.925691604614258], [84.50739288330078, 27.92510986328125], [84.50997924804688, 27.923946380615234], [84.50931549072266, 27.921083450317383], [84.50704193115234, 27.91879653930664], [84.50733947753906, 27.913331985473633], [84.51284790039062, 27.914173126220703], [84.51673126220703, 27.91444969177246], [84.51899719238281, 27.913867950439453], [84.52125549316406, 27.91327667236328], [84.52449798583984, 27.913841247558594], [84.52676391601562, 27.91411590576172], [84.52967834472656, 27.91382598876953], [84.53129577636719, 27.913818359375], [84.53291320800781, 27.913522720336914], [84.53388214111328, 27.91351318359375], [84.53614807128906, 27.912931442260742], [84.53971099853516, 27.913780212402344], [84.54325866699219, 27.912038803100586], [84.54389953613281, 27.909740447998047], [84.5442123413086, 27.90859031677246], [84.5445327758789, 27.907730102539062], [84.54517364501953, 27.906578063964844], [84.54582214355469, 27.906002044677734], [84.54743194580078, 27.904272079467773], [84.5477294921875, 27.900251388549805], [84.54544067382812, 27.89509391784668], [84.5444564819336, 27.891937255859375], [84.54412078857422, 27.88992691040039], [84.54411315917969, 27.888492584228516], [84.54409790039062, 27.885623931884766], [84.54634857177734, 27.882740020751953], [84.54761505126953, 27.876707077026367], [84.54792785644531, 27.87440299987793], [84.54823303222656, 27.871530532836914], [84.5501708984375, 27.870092391967773], [84.5530776977539, 27.869792938232422], [84.55631256103516, 27.869199752807617], [84.55564880371094, 27.866336822509766], [84.55499267578125, 27.86461067199707], [84.55368041992188, 27.861177444458008], [84.55464935302734, 27.860021591186523], [84.55625915527344, 27.85943603515625], [84.55852508544922, 27.858854293823242], [84.56395721435547, 27.857128143310547], [84.56238555908203, 27.855682373046875], [84.56140899658203, 27.853670120239258], [84.56074523925781, 27.851097106933594], [84.55843353271484, 27.841915130615234], [84.55777740478516, 27.840476989746094], [84.55712890625, 27.839906692504883], [84.55452728271484, 27.83676528930664], [84.55160522460938, 27.835342407226562], [84.54708099365234, 27.835359573364258], [84.5441665649414, 27.835660934448242], [84.53997039794922, 27.836244583129883], [84.53479766845703, 27.836557388305664], [84.53058624267578, 27.836284637451172], [84.52799224853516, 27.834577560424805], [84.5263671875, 27.832860946655273], [84.52473449707031, 27.829998016357422], [84.52439880371094, 27.827411651611328], [84.52112579345703, 27.819095611572266], [84.52014923095703, 27.817951202392578], [84.51787567138672, 27.816240310668945], [84.51560974121094, 27.815387725830078], [84.51205444335938, 27.816261291503906], [84.50818634033203, 27.817996978759766], [84.503662109375, 27.819738388061523], [84.50108337402344, 27.82061195373535], [84.49784851074219, 27.82062530517578], [84.49493408203125, 27.82034683227539], [84.49137878417969, 27.82065200805664], [84.48814392089844, 27.82123374938965], [84.48362731933594, 27.822694778442383], [84.48104095458984, 27.823558807373047], [84.47716522216797, 27.824146270751953], [84.47393035888672, 27.82387924194336], [84.47003936767578, 27.82245445251465], [84.46712493896484, 27.821319580078125], [84.4638900756836, 27.820755004882812], [84.46033477783203, 27.820770263671875], [84.45709991455078, 27.820781707763672], [84.45484161376953, 27.821651458740234], [84.44869995117188, 27.82195472717285], [84.44642639160156, 27.821388244628906], [84.44384002685547, 27.81995964050293], [84.44123840332031, 27.817962646484375], [84.43864440917969, 27.814809799194336], [84.43669128417969, 27.812528610229492], [84.43344116210938, 27.807937622070312], [84.43148040771484, 27.803354263305664], [84.43146514892578, 27.79933738708496], [84.43209075927734, 27.795026779174805], [84.4333724975586, 27.79071044921875], [84.43529510498047, 27.78697395324707], [84.43850708007812, 27.783226013183594], [84.44076538085938, 27.78207778930664], [84.44400024414062, 27.78091049194336], [84.44722747802734, 27.78061866760254], [84.45143127441406, 27.780027389526367], [84.45723724365234, 27.778564453125], [84.46014404296875, 27.77712059020996], [84.46369171142578, 27.775100708007812], [84.46659088134766, 27.77307891845703], [84.46852111816406, 27.771066665649414], [84.4710922241211, 27.768468856811523], [84.47301483154297, 27.76472282409668], [84.4739761352539, 27.761564254760742], [84.47234344482422, 27.758991241455078], [84.46975708007812, 27.757272720336914], [84.46684265136719, 27.756994247436523], [84.46426391601562, 27.758155822753906], [84.46200561523438, 27.759315490722656], [84.45813751220703, 27.761627197265625], [84.45458984375, 27.763357162475586], [84.45265197753906, 27.76336669921875], [84.4471206665039, 27.755918502807617], [84.44647216796875, 27.75505828857422], [84.44549560546875, 27.7539119720459], [84.44354248046875, 27.75047492980957], [84.44192504882812, 27.74875831604004], [84.44062042236328, 27.747045516967773], [84.43867492675781, 27.7456111907959], [84.43544006347656, 27.744478225708008], [84.43106079101562, 27.741764068603516], [84.43123626708984, 27.74305534362793], [84.43022918701172, 27.743297576904297], [84.4263916015625, 27.744218826293945], [84.42543029785156, 27.745662689208984], [84.42350006103516, 27.74796485900879], [84.4218978881836, 27.751985549926758], [84.4212646484375, 27.75543975830078], [84.4206314086914, 27.75831413269043], [84.41837310791016, 27.758895874023438], [84.41546630859375, 27.759761810302734], [84.41159057617188, 27.761213302612305], [84.40869140625, 27.7620792388916], [84.4061050415039, 27.763816833496094], [84.40547180175781, 27.76553726196289], [84.40386199951172, 27.767555236816406], [84.401611328125, 27.77071762084961], [84.40064239501953, 27.77216148376465], [84.3951644897461, 27.775333404541016], [84.39128875732422, 27.7764949798584], [84.3880615234375, 27.77736473083496], [84.38483428955078, 27.778520584106445], [84.38159942626953, 27.77882194519043], [84.37901306152344, 27.779403686523438], [84.37642669677734, 27.77855110168457], [84.37448120117188, 27.777692794799805], [84.37059783935547, 27.775985717773438], [84.36832427978516, 27.773406982421875], [84.36766815185547, 27.770824432373047], [84.36637115478516, 27.76853370666504], [84.36570739746094, 27.76480484008789], [84.36505126953125, 27.76107406616211], [84.36016845703125, 27.751893997192383], [84.3595199584961, 27.75132179260254], [84.35823059082031, 27.750757217407227], [84.35628509521484, 27.750186920166016], [84.35240936279297, 27.74962615966797], [84.34949493408203, 27.747621536254883], [84.3469009399414, 27.74591064453125], [84.34334564208984, 27.74448013305664], [84.34075927734375, 27.743915557861328], [84.3385009765625, 27.745073318481445], [84.33656311035156, 27.746505737304688], [84.33301544189453, 27.747953414916992], [84.32913970947266, 27.74940299987793], [84.32752990722656, 27.751131057739258], [84.32559967041016, 27.753719329833984], [84.32366943359375, 27.75745391845703], [84.3223876953125, 27.760046005249023], [84.3207778930664, 27.762632369995117], [84.31949615478516, 27.765214920043945], [84.31885528564453, 27.76837730407715], [84.31951904296875, 27.772974014282227], [84.31985473632812, 27.77669906616211], [84.31889343261719, 27.780433654785156], [84.31793212890625, 27.78331184387207], [84.31632232666016, 27.785608291625977], [84.31342315673828, 27.787338256835938], [84.31019592285156, 27.789358139038086], [84.30728912353516, 27.791088104248047], [84.30438995361328, 27.793964385986328], [84.30278015136719, 27.79741668701172], [84.30213928222656, 27.800003051757812], [84.30183410644531, 27.804309844970703], [84.30280303955078, 27.805744171142578], [84.30378723144531, 27.80918312072754], [84.30443572998047, 27.810333251953125], [84.30508422851562, 27.812339782714844], [84.306396484375, 27.81607437133789], [84.30672454833984, 27.819229125976562], [84.3054428100586, 27.822965621948242], [84.30318450927734, 27.825267791748047], [84.3012466430664, 27.826990127563477], [84.29898834228516, 27.829011917114258], [84.2977066040039, 27.8313045501709], [84.29609680175781, 27.834468841552734], [84.29448699951172, 27.836484909057617], [84.29158020019531, 27.837636947631836], [84.28607940673828, 27.838512420654297], [84.28317260742188, 27.838237762451172], [84.27993774414062, 27.837379455566406], [84.27767181396484, 27.83681297302246], [84.27507781982422, 27.835668563842773], [84.27184295654297, 27.834243774414062], [84.26892852783203, 27.833959579467773], [84.2682876586914, 27.834821701049805], [84.26732635498047, 27.83797836303711], [84.26538848876953, 27.840286254882812], [84.2637710571289, 27.840290069580078], [84.26118469238281, 27.839147567749023], [84.25827026367188, 27.838287353515625], [84.25503540039062, 27.839160919189453], [84.25212860107422, 27.840600967407227], [84.25051879882812, 27.842039108276367], [84.24761199951172, 27.84462547302246], [84.24470520019531, 27.84520721435547], [84.2408218383789, 27.845788955688477], [84.23758697509766, 27.84550666809082], [84.23467254638672, 27.844654083251953], [84.23143768310547, 27.843795776367188], [84.2294921875, 27.84122085571289], [84.22819519042969, 27.839210510253906], [84.22528076171875, 27.838645935058594], [84.22334289550781, 27.839797973632812], [84.22205352783203, 27.841522216796875], [84.21915435791016, 27.84410858154297], [84.2159194946289, 27.844980239868164], [84.21397399902344, 27.84383201599121], [84.21299743652344, 27.840961456298828], [84.2110595703125, 27.83953285217285], [84.20879364013672, 27.840974807739258], [84.2084732055664, 27.84212303161621], [84.20783996582031, 27.8472900390625], [84.20687103271484, 27.849300384521484], [84.2049331665039, 27.850162506103516], [84.20201873779297, 27.85016632080078], [84.19943237304688, 27.850177764892578], [84.19683837890625, 27.84787940979004], [84.19393157958984, 27.84702491760254], [84.1910171508789, 27.84674072265625], [84.18519592285156, 27.847614288330078], [84.18228912353516, 27.84848403930664], [84.1790542602539, 27.849058151245117], [84.17646789550781, 27.84906005859375], [84.17388153076172, 27.848203659057617], [84.1722640991211, 27.847061157226562], [84.16934967041016, 27.845340728759766], [84.16676330566406, 27.8453426361084], [84.16448974609375, 27.843338012695312], [84.16319274902344, 27.840757369995117], [84.1612548828125, 27.840185165405273], [84.15931701660156, 27.84248161315918], [84.1583480834961, 27.844501495361328], [84.15705871582031, 27.847370147705078], [84.15576934814453, 27.848228454589844], [84.15286254882812, 27.84938621520996], [84.15027618408203, 27.84938621520996], [84.14768981933594, 27.84967613220215], [84.14445495605469, 27.84911346435547], [84.14154052734375, 27.848827362060547], [84.13992309570312, 27.84825325012207], [84.1383056640625, 27.84739875793457], [84.13636016845703, 27.846824645996094], [84.13150787353516, 27.845678329467773], [84.1282730102539, 27.845394134521484], [84.12666320800781, 27.84597396850586], [84.12569427490234, 27.848560333251953], [84.1263427734375, 27.850278854370117], [84.12860870361328, 27.853439331054688], [84.1299057006836, 27.856019973754883], [84.12991333007812, 27.85831069946289], [84.12861633300781, 27.85917854309082], [84.12602996826172, 27.85975456237793], [84.12408447265625, 27.85774803161621], [84.1234359741211, 27.855741500854492], [84.12278747558594, 27.85373306274414], [84.12117004394531, 27.852291107177734], [84.11955261230469, 27.852014541625977], [84.1172866821289, 27.852590560913086], [84.11534881591797, 27.853450775146484], [84.11405944824219, 27.855175018310547], [84.1127700805664, 27.857187271118164], [84.11050415039062, 27.859485626220703], [84.10856628417969, 27.85948944091797], [84.1063003540039, 27.857763290405273], [84.10306549072266, 27.85662269592285], [84.10047149658203, 27.856054306030273], [84.09886169433594, 27.85749053955078], [84.09886169433594, 27.86035919189453], [84.09983825683594, 27.863510131835938], [84.09951782226562, 27.864946365356445], [84.09886932373047, 27.86638641357422], [84.09693145751953, 27.866958618164062], [84.0940170288086, 27.868404388427734], [84.09272766113281, 27.86897087097168], [84.08625793457031, 27.870702743530273], [84.08464050292969, 27.87099266052246], [84.08172607421875, 27.87041664123535], [84.07946014404297, 27.869558334350586], [84.0784912109375, 27.86812973022461], [84.07622528076172, 27.86467933654785], [84.07525634765625, 27.864397048950195], [84.07266998291016, 27.863250732421875], [84.07072448730469, 27.86153221130371], [84.06910705566406, 27.86009979248047], [84.0671615600586, 27.858091354370117], [84.06490325927734, 27.856077194213867], [84.06295776367188, 27.854646682739258], [84.06101989746094, 27.853504180908203], [84.05842590332031, 27.852067947387695], [84.05583953857422, 27.852067947387695], [84.0542221069336, 27.85350227355957], [84.05325317382812, 27.854944229125977], [84.0500259399414, 27.855804443359375], [84.04711151123047, 27.8543701171875], [84.04419708251953, 27.853225708007812], [84.04322814941406, 27.85379981994629], [84.04193878173828, 27.855812072753906], [84.04064178466797, 27.857534408569336], [84.03805541992188, 27.857532501220703], [84.03546905517578, 27.856674194335938], [84.03125762939453, 27.857866287231445], [84.02835845947266, 27.858686447143555], [84.02544403076172, 27.859830856323242], [84.02318572998047, 27.860694885253906], [84.02091979980469, 27.860698699951172], [84.01962280273438, 27.858686447143555], [84.02059173583984, 27.856109619140625], [84.02188873291016, 27.854387283325195], [84.01962280273438, 27.852371215820312], [84.01768493652344, 27.852663040161133], [84.01412200927734, 27.85381317138672], [84.0118637084961, 27.854387283325195], [84.00765991210938, 27.855541229248047], [84.00442504882812, 27.856687545776367], [84.00215911865234, 27.858118057250977], [83.99957275390625, 27.86012840270996], [83.99763488769531, 27.86271095275879], [83.99568939208984, 27.86530303955078], [83.99472045898438, 27.86615753173828], [83.99310302734375, 27.867311477661133], [83.98889923095703, 27.867599487304688], [83.9869613647461, 27.86759376525879], [83.98275756835938, 27.867889404296875], [83.9804916381836, 27.868173599243164], [83.9779052734375, 27.869035720825195], [83.97595977783203, 27.87018394470215], [83.9740219116211, 27.872478485107422], [83.97240447998047, 27.87276840209961], [83.96981811523438, 27.872764587402344], [83.96690368652344, 27.872474670410156], [83.96463775634766, 27.871902465820312], [83.96141052246094, 27.8721923828125], [83.95784759521484, 27.872474670410156], [83.95623016357422, 27.872194290161133], [83.95235443115234, 27.871612548828125], [83.95040893554688, 27.870758056640625], [83.94815063476562, 27.871620178222656], [83.94652557373047, 27.872764587402344], [83.945556640625, 27.8739070892334], [83.94523620605469, 27.87649917602539], [83.94522857666016, 27.879077911376953], [83.94458770751953, 27.88022804260254], [83.94393920898438, 27.881376266479492], [83.94264221191406, 27.883386611938477], [83.9416732788086, 27.88625144958496], [83.94296264648438, 27.88883399963379], [83.94522857666016, 27.890274047851562], [83.9484634399414, 27.891996383666992], [83.95169830322266, 27.892284393310547], [83.95590209960938, 27.89228630065918], [83.95978546142578, 27.895729064941406], [83.96172332763672, 27.897449493408203], [83.9630126953125, 27.898027420043945], [83.96560668945312, 27.898887634277344], [83.96819305419922, 27.899459838867188], [83.97401428222656, 27.9000301361084], [83.9798355102539, 27.901185989379883], [83.98048400878906, 27.904338836669922], [83.98080444335938, 27.906349182128906], [83.98145294189453, 27.90806770324707], [83.98178100585938, 27.910078048706055], [83.98210144042969, 27.91208839416504], [83.98210144042969, 27.9155330657959], [83.98177337646484, 27.91668128967285], [83.97918701171875, 27.922136306762695], [83.9785385131836, 27.924142837524414], [83.97821807861328, 27.925291061401367], [83.97789001464844, 27.92701530456543], [83.97660064697266, 27.93160629272461], [83.97594451904297, 27.936491012573242], [83.97530364990234, 27.939353942871094], [83.97465515136719, 27.941370010375977], [83.97367858886719, 27.943378448486328], [83.97335815429688, 27.94624900817871], [83.97367858886719, 27.949981689453125], [83.97400665283203, 27.953136444091797], [83.97464752197266, 27.956010818481445], [83.97561645507812, 27.958017349243164], [83.97691345214844, 27.960309982299805], [83.97917938232422, 27.962604522705078], [83.98209381103516, 27.96719741821289], [83.98306274414062, 27.972082138061523], [83.98209381103516, 27.974666595458984], [83.9814453125, 27.976673126220703], [83.98046875, 27.978681564331055], [83.97982025146484, 27.981266021728516], [83.98078918457031, 27.98356056213379], [83.98143768310547, 27.985000610351562], [83.9830551147461, 27.98614501953125], [83.98500061035156, 27.987577438354492], [83.98759460449219, 27.989303588867188], [83.98986053466797, 27.99102210998535], [83.99244689941406, 27.9930362701416], [83.99504089355469, 27.995040893554688], [83.99697875976562, 27.99704933166504], [83.9989242553711, 27.999059677124023], [84.00054168701172, 28.00020408630371], [84.00248718261719, 28.00307846069336], [84.0037841796875, 28.005949020385742], [84.00410461425781, 28.006813049316406], [84.00442504882812, 28.007957458496094], [84.00507354736328, 28.009963989257812], [84.00733947753906, 28.01169204711914], [84.00896453857422, 28.01226043701172], [84.01187896728516, 28.01283836364746], [84.0151138305664, 28.012836456298828], [84.01802825927734, 28.01254653930664], [84.02094268798828, 28.012836456298828], [84.02450561523438, 28.013689041137695], [84.0306625366211, 28.016565322875977], [84.03325653076172, 28.018569946289062], [84.0319595336914, 28.02115821838379], [84.03099060058594, 28.0225887298584], [84.03001403808594, 28.02459716796875], [84.02969360351562, 28.025745391845703], [84.02774810791016, 28.0274715423584], [84.02613067626953, 28.028329849243164], [84.02288818359375, 28.029478073120117], [84.0196533203125, 28.03005599975586], [84.01705932617188, 28.030054092407227], [84.01349639892578, 28.03034782409668], [84.01155090332031, 28.030061721801758], [84.00863647460938, 28.030349731445312], [84.0066909790039, 28.030920028686523], [84.00540161132812, 28.03178596496582], [84.00442504882812, 28.03321647644043], [84.00313568115234, 28.03551483154297], [84.00054168701172, 28.04240608215332], [83.99891662597656, 28.04642105102539], [83.99398803710938, 28.048315048217773], [83.99171447753906, 28.048887252807617], [83.9907455444336, 28.048892974853516], [83.9871826171875, 28.046884536743164], [83.98265075683594, 28.043149948120117], [83.979736328125, 28.040569305419922], [83.97714233398438, 28.039709091186523], [83.97260284423828, 28.0411434173584], [83.96807098388672, 28.042863845825195], [83.96353149414062, 28.04429817199707], [83.96126556396484, 28.04745864868164], [83.96158599853516, 28.0526180267334], [83.96158599853516, 28.056928634643555], [83.9599609375, 28.060943603515625], [83.95931243896484, 28.06381607055664], [83.96125793457031, 28.069271087646484], [83.96287536621094, 28.070995330810547], [83.9638442993164, 28.071855545043945], [83.96578979492188, 28.074153900146484], [83.9674072265625, 28.07731056213379], [83.96514129638672, 28.080751419067383], [83.96060180664062, 28.083330154418945], [83.95735931396484, 28.085918426513672], [83.9580078125, 28.08993911743164], [83.9605941772461, 28.09194564819336], [83.96253967285156, 28.09280776977539], [83.96448516845703, 28.093095779418945], [83.96707916259766, 28.0933780670166], [83.96837615966797, 28.093379974365234], [83.97258758544922, 28.09510612487793], [83.97615051269531, 28.09768295288086], [83.98004150390625, 28.101133346557617], [83.98490142822266, 28.102855682373047], [83.9891128540039, 28.104291915893555], [83.99137878417969, 28.10887908935547], [83.99267578125, 28.112327575683594], [83.9972152709961, 28.11376190185547], [84.00110626220703, 28.114046096801758], [84.00411224365234, 28.114688873291016], [84.0053939819336, 28.115880966186523]]]}}, {"type": "Feature", "id": 46, "properties": {"DISTRICT": "NAWALPUR", "id": "nawalpur"}, "geometry": {"type": "Polygon", "coordinates": [[[84.03125762939453, 27.857866287231445], [84.03546905517578, 27.856674194335938], [84.03805541992188, 27.857532501220703], [84.04064178466797, 27.857534408569336], [84.04193878173828, 27.855812072753906], [84.04322814941406, 27.85379981994629], [84.04419708251953, 27.853225708007812], [84.04711151123047, 27.8543701171875], [84.0500259399414, 27.855804443359375], [84.05325317382812, 27.854944229125977], [84.0542221069336, 27.85350227355957], [84.05583953857422, 27.852067947387695], [84.05842590332031, 27.852067947387695], [84.06101989746094, 27.853504180908203], [84.06295776367188, 27.854646682739258], [84.06490325927734, 27.856077194213867], [84.0671615600586, 27.858091354370117], [84.06910705566406, 27.86009979248047], [84.07072448730469, 27.86153221130371], [84.07266998291016, 27.863250732421875], [84.07525634765625, 27.864397048950195], [84.07622528076172, 27.86467933654785], [84.0784912109375, 27.86812973022461], [84.07946014404297, 27.869558334350586], [84.08172607421875, 27.87041664123535], [84.08464050292969, 27.87099266052246], [84.08625793457031, 27.870702743530273], [84.09272766113281, 27.86897087097168], [84.0940170288086, 27.868404388427734], [84.09693145751953, 27.866958618164062], [84.09886932373047, 27.86638641357422], [84.09951782226562, 27.864946365356445], [84.09983825683594, 27.863510131835938], [84.09886169433594, 27.86035919189453], [84.09886169433594, 27.85749053955078], [84.10047149658203, 27.856054306030273], [84.10306549072266, 27.85662269592285], [84.1063003540039, 27.857763290405273], [84.10856628417969, 27.85948944091797], [84.11050415039062, 27.859485626220703], [84.1127700805664, 27.857187271118164], [84.11405944824219, 27.855175018310547], [84.11534881591797, 27.853450775146484], [84.1172866821289, 27.852590560913086], [84.11955261230469, 27.852014541625977], [84.12117004394531, 27.852291107177734], [84.12278747558594, 27.85373306274414], [84.1234359741211, 27.855741500854492], [84.12408447265625, 27.85774803161621], [84.12602996826172, 27.85975456237793], [84.12861633300781, 27.85917854309082], [84.12991333007812, 27.85831069946289], [84.1299057006836, 27.856019973754883], [84.12860870361328, 27.853439331054688], [84.1263427734375, 27.850278854370117], [84.12569427490234, 27.848560333251953], [84.12666320800781, 27.84597396850586], [84.1282730102539, 27.845394134521484], [84.13150787353516, 27.845678329467773], [84.13636016845703, 27.846824645996094], [84.1383056640625, 27.84739875793457], [84.13992309570312, 27.84825325012207], [84.14154052734375, 27.848827362060547], [84.14445495605469, 27.84911346435547], [84.14768981933594, 27.84967613220215], [84.15027618408203, 27.84938621520996], [84.15286254882812, 27.84938621520996], [84.15576934814453, 27.848228454589844], [84.15705871582031, 27.847370147705078], [84.1583480834961, 27.844501495361328], [84.15931701660156, 27.84248161315918], [84.1612548828125, 27.840185165405273], [84.16319274902344, 27.840757369995117], [84.16448974609375, 27.843338012695312], [84.16676330566406, 27.8453426361084], [84.16934967041016, 27.845340728759766], [84.1722640991211, 27.847061157226562], [84.17388153076172, 27.848203659057617], [84.17646789550781, 27.84906005859375], [84.1790542602539, 27.849058151245117], [84.18228912353516, 27.84848403930664], [84.18519592285156, 27.847614288330078], [84.1910171508789, 27.84674072265625], [84.19393157958984, 27.84702491760254], [84.19683837890625, 27.84787940979004], [84.19943237304688, 27.850177764892578], [84.20201873779297, 27.85016632080078], [84.2049331665039, 27.850162506103516], [84.20687103271484, 27.849300384521484], [84.20783996582031, 27.8472900390625], [84.2084732055664, 27.84212303161621], [84.20879364013672, 27.840974807739258], [84.2110595703125, 27.83953285217285], [84.21299743652344, 27.840961456298828], [84.21397399902344, 27.84383201599121], [84.2159194946289, 27.844980239868164], [84.21915435791016, 27.84410858154297], [84.22205352783203, 27.841522216796875], [84.22334289550781, 27.839797973632812], [84.22528076171875, 27.838645935058594], [84.22819519042969, 27.839210510253906], [84.2294921875, 27.84122085571289], [84.23143768310547, 27.843795776367188], [84.23467254638672, 27.844654083251953], [84.23758697509766, 27.84550666809082], [84.2408218383789, 27.845788955688477], [84.24470520019531, 27.84520721435547], [84.24761199951172, 27.84462547302246], [84.25051879882812, 27.842039108276367], [84.25212860107422, 27.840600967407227], [84.25503540039062, 27.839160919189453], [84.25827026367188, 27.838287353515625], [84.26118469238281, 27.839147567749023], [84.2637710571289, 27.840290069580078], [84.26538848876953, 27.840286254882812], [84.26732635498047, 27.83797836303711], [84.2682876586914, 27.834821701049805], [84.26892852783203, 27.833959579467773], [84.27184295654297, 27.834243774414062], [84.27507781982422, 27.835668563842773], [84.27767181396484, 27.83681297302246], [84.27993774414062, 27.837379455566406], [84.28317260742188, 27.838237762451172], [84.28607940673828, 27.838512420654297], [84.29158020019531, 27.837636947631836], [84.29448699951172, 27.836484909057617], [84.29609680175781, 27.834468841552734], [84.2977066040039, 27.8313045501709], [84.29898834228516, 27.829011917114258], [84.3012466430664, 27.826990127563477], [84.30318450927734, 27.825267791748047], [84.3054428100586, 27.822965621948242], [84.30672454833984, 27.819229125976562], [84.306396484375, 27.81607437133789], [84.30508422851562, 27.812339782714844], [84.30443572998047, 27.810333251953125], [84.30378723144531, 27.80918312072754], [84.30280303955078, 27.805744171142578], [84.30183410644531, 27.804309844970703], [84.30213928222656, 27.800003051757812], [84.30278015136719, 27.79741668701172], [84.30438995361328, 27.793964385986328], [84.30728912353516, 27.791088104248047], [84.31019592285156, 27.789358139038086], [84.31342315673828, 27.787338256835938], [84.31632232666016, 27.785608291625977], [84.31793212890625, 27.78331184387207], [84.31889343261719, 27.780433654785156], [84.31985473632812, 27.77669906616211], [84.31951904296875, 27.772974014282227], [84.31885528564453, 27.76837730407715], [84.31949615478516, 27.765214920043945], [84.3207778930664, 27.762632369995117], [84.3223876953125, 27.760046005249023], [84.32366943359375, 27.75745391845703], [84.32559967041016, 27.753719329833984], [84.32752990722656, 27.751131057739258], [84.32913970947266, 27.74940299987793], [84.33301544189453, 27.747953414916992], [84.33656311035156, 27.746505737304688], [84.3385009765625, 27.745073318481445], [84.34075927734375, 27.743915557861328], [84.34334564208984, 27.74448013305664], [84.3469009399414, 27.74591064453125], [84.34949493408203, 27.747621536254883], [84.35240936279297, 27.74962615966797], [84.35628509521484, 27.750186920166016], [84.35823059082031, 27.750757217407227], [84.3595199584961, 27.75132179260254], [84.36016845703125, 27.751893997192383], [84.36505126953125, 27.76107406616211], [84.36570739746094, 27.76480484008789], [84.36637115478516, 27.76853370666504], [84.36766815185547, 27.770824432373047], [84.36832427978516, 27.773406982421875], [84.37059783935547, 27.775985717773438], [84.37448120117188, 27.777692794799805], [84.37642669677734, 27.77855110168457], [84.37901306152344, 27.779403686523438], [84.38159942626953, 27.77882194519043], [84.38483428955078, 27.778520584106445], [84.3880615234375, 27.77736473083496], [84.39128875732422, 27.7764949798584], [84.3951644897461, 27.775333404541016], [84.40064239501953, 27.77216148376465], [84.401611328125, 27.77071762084961], [84.40386199951172, 27.767555236816406], [84.40547180175781, 27.76553726196289], [84.4061050415039, 27.763816833496094], [84.40869140625, 27.7620792388916], [84.41159057617188, 27.761213302612305], [84.41546630859375, 27.759761810302734], [84.41837310791016, 27.758895874023438], [84.4206314086914, 27.75831413269043], [84.4212646484375, 27.75543975830078], [84.4218978881836, 27.751985549926758], [84.42350006103516, 27.74796485900879], [84.42543029785156, 27.745662689208984], [84.4263916015625, 27.744218826293945], [84.43022918701172, 27.743297576904297], [84.43123626708984, 27.74305534362793], [84.43106079101562, 27.741764068603516], [84.428466796875, 27.741201400756836], [84.42566680908203, 27.73900604248047], [84.42510223388672, 27.735095977783203], [84.42786407470703, 27.729496002197266], [84.43048858642578, 27.72018814086914], [84.43152618408203, 27.710874557495117], [84.4288330078125, 27.70601463317871], [84.42667388916016, 27.703981399536133], [84.4234848022461, 27.70175552368164], [84.41958618164062, 27.699237823486328], [84.41516876220703, 27.697223663330078], [84.4112548828125, 27.69550895690918], [84.40644836425781, 27.693443298339844], [84.39825439453125, 27.68920135498047], [84.39415740966797, 27.687427520751953], [84.39088439941406, 27.68629264831543], [84.38715362548828, 27.68544578552246], [84.38301849365234, 27.685565948486328], [84.37777709960938, 27.68630599975586], [84.37479400634766, 27.686954498291016], [84.37127685546875, 27.68886375427246], [84.36715698242188, 27.691978454589844], [84.36446380615234, 27.694589614868164], [84.36273956298828, 27.696866989135742], [84.36148834228516, 27.698692321777344], [84.35939025878906, 27.700448989868164], [84.35704040527344, 27.701684951782227], [84.35336303710938, 27.70157814025879], [84.34879302978516, 27.700714111328125], [84.34447479248047, 27.700143814086914], [84.34054565429688, 27.69951820373535], [84.33662414550781, 27.698776245117188], [84.33245849609375, 27.69706153869629], [84.32978820800781, 27.694782257080078], [84.3281478881836, 27.692747116088867], [84.32657623291016, 27.69014549255371], [84.32391357421875, 27.68740463256836], [84.32007598876953, 27.685462951660156], [84.31629943847656, 27.683801651000977], [84.3139877319336, 27.682737350463867], [84.30982971191406, 27.68072509765625], [84.30375671386719, 27.67731475830078], [84.29071044921875, 27.670761108398438], [84.2828369140625, 27.66721534729004], [84.27359008789062, 27.664390563964844], [84.25988006591797, 27.65897560119629], [84.251953125, 27.65473175048828], [84.23612213134766, 27.64888572692871], [84.23158264160156, 27.646873474121094], [84.22356414794922, 27.643888473510742], [84.21210479736328, 27.63924789428711], [84.2033462524414, 27.635108947753906], [84.19506072998047, 27.62964630126953], [84.18753051757812, 27.625118255615234], [84.18206787109375, 27.620729446411133], [84.17007446289062, 27.61015510559082], [84.16091918945312, 27.603418350219727], [84.15156555175781, 27.596567153930664], [84.14378356933594, 27.588809967041016], [84.13809204101562, 27.58286476135254], [84.12789154052734, 27.570537567138672], [84.12612915039062, 27.56476402282715], [84.12352752685547, 27.559268951416016], [84.11767578125, 27.55550193786621], [84.11247253417969, 27.550947189331055], [84.10780334472656, 27.54932403564453], [84.1019515991211, 27.548498153686523], [84.0926742553711, 27.548070907592773], [84.08120727539062, 27.54767608642578], [84.07050323486328, 27.547576904296875], [84.06195831298828, 27.54630470275879], [84.0502700805664, 27.544116973876953], [84.0360336303711, 27.540287017822266], [84.02327728271484, 27.540159225463867], [84.01545715332031, 27.541019439697266], [84.00867462158203, 27.541549682617188], [84.00247955322266, 27.541975021362305], [83.9933853149414, 27.542356491088867], [83.98397064208984, 27.542495727539062], [83.9729232788086, 27.543535232543945], [83.9691162109375, 27.543704986572266], [83.96570587158203, 27.54336929321289], [83.96145629882812, 27.543249130249023], [83.95496368408203, 27.542457580566406], [83.94994354248047, 27.54203224182129], [83.94586944580078, 27.54254722595215], [83.94153594970703, 27.543397903442383], [83.938232421875, 27.54415512084961], [83.93486785888672, 27.5447940826416], [83.92971801757812, 27.544418334960938], [83.92604064941406, 27.544004440307617], [83.92207336425781, 27.539424896240234], [83.92063903808594, 27.534343719482422], [83.92051696777344, 27.52760887145996], [83.9210205078125, 27.520885467529297], [83.92366027832031, 27.516456604003906], [83.92876434326172, 27.513763427734375], [83.93352508544922, 27.512466430664062], [83.93789672851562, 27.513683319091797], [83.94476318359375, 27.515798568725586], [83.9490737915039, 27.51926040649414], [83.9539566040039, 27.52469825744629], [83.95801544189453, 27.525909423828125], [83.96371459960938, 27.52463150024414], [83.96790313720703, 27.521076202392578], [83.97148895263672, 27.51666259765625], [83.97197723388672, 27.510221481323242], [83.96588134765625, 27.503074645996094], [83.96125793457031, 27.499605178833008], [83.95194244384766, 27.494915008544922], [83.94480895996094, 27.491390228271484], [83.94241333007812, 27.486848831176758], [83.94254302978516, 27.48208236694336], [83.94461059570312, 27.475675582885742], [83.94450378417969, 27.468097686767578], [83.94371032714844, 27.46274757385254], [83.94195556640625, 27.45793914794922], [83.94074249267578, 27.45623016357422], [83.93741607666016, 27.451387405395508], [83.93577575683594, 27.44942283630371], [83.93226623535156, 27.448442459106445], [83.92923736572266, 27.447519302368164], [83.92544555664062, 27.445919036865234], [83.91907501220703, 27.444019317626953], [83.91141510009766, 27.442190170288086], [83.90131378173828, 27.4401798248291], [83.89462280273438, 27.438749313354492], [83.88825225830078, 27.437028884887695], [83.88105010986328, 27.435531616210938], [83.8744888305664, 27.43289566040039], [83.87114715576172, 27.42801284790039], [83.87095642089844, 27.422956466674805], [83.87269592285156, 27.41727638244629], [83.87662506103516, 27.409578323364258], [83.87760162353516, 27.40102195739746], [83.87638092041016, 27.39706039428711], [83.87644958496094, 27.392578125], [83.88056945800781, 27.389476776123047], [83.8830795288086, 27.38947868347168], [83.88758087158203, 27.38862419128418], [83.89472198486328, 27.388673782348633], [83.90365600585938, 27.38787269592285], [83.90809631347656, 27.387123107910156], [83.90803527832031, 27.383792877197266], [83.90790557861328, 27.380117416381836], [83.9081039428711, 27.376441955566406], [83.90733337402344, 27.3732852935791], [83.90438079833984, 27.36944007873535], [83.89576721191406, 27.361976623535156], [83.89100646972656, 27.358299255371094], [83.88400268554688, 27.354686737060547], [83.87828063964844, 27.352737426757812], [83.87397003173828, 27.349979400634766], [83.87024688720703, 27.348487854003906], [83.86825561523438, 27.34808349609375], [83.8672866821289, 27.34790802001953], [83.8600845336914, 27.3509578704834], [83.8541030883789, 27.35519790649414], [83.8493423461914, 27.358644485473633], [83.84393310546875, 27.361860275268555], [83.83049011230469, 27.369836807250977], [83.82624053955078, 27.37311363220215], [83.82115173339844, 27.376724243164062], [83.81317138671875, 27.379878997802734], [83.80558013916016, 27.382457733154297], [83.79657745361328, 27.385957717895508], [83.78994750976562, 27.388710021972656], [83.78408813476562, 27.39129066467285], [83.7752685546875, 27.39501953125], [83.76722717285156, 27.399145126342773], [83.75911712646484, 27.40235710144043], [83.751708984375, 27.40591049194336], [83.74571990966797, 27.408485412597656], [83.7392807006836, 27.411176681518555], [83.7298812866211, 27.41530418395996], [83.72402954101562, 27.41724967956543], [83.71720123291016, 27.420507431030273], [83.71043395996094, 27.423776626586914], [83.70515441894531, 27.426294326782227], [83.69890594482422, 27.429277420043945], [83.6932373046875, 27.432371139526367], [83.68795776367188, 27.435348510742188], [83.68144989013672, 27.438152313232422], [83.67501068115234, 27.441011428833008], [83.66850280761719, 27.443931579589844], [83.66283416748047, 27.446735382080078], [83.65400695800781, 27.450790405273438], [83.64653015136719, 27.45399284362793], [83.64151000976562, 27.456632614135742], [83.63371276855469, 27.46063804626465], [83.62158966064453, 27.466468811035156], [83.61785888671875, 27.46806526184082], [83.6170654296875, 27.473466873168945], [83.6147232055664, 27.480119705200195], [83.61290740966797, 27.485109329223633], [83.6102523803711, 27.490446090698242], [83.6064453125, 27.49353790283203], [83.60476684570312, 27.494335174560547], [83.60037994384766, 27.49840545654297], [83.5981674194336, 27.504365921020508], [83.59801483154297, 27.51091194152832], [83.59812927246094, 27.515729904174805], [83.5969009399414, 27.518198013305664], [83.59322357177734, 27.520435333251953], [83.59321594238281, 27.522672653198242], [83.5943603515625, 27.525081634521484], [83.5939712524414, 27.526866912841797], [83.59152221679688, 27.527952194213867], [83.58919525146484, 27.529150009155273], [83.5899658203125, 27.53070068359375], [83.59246826171875, 27.53226089477539], [83.59252166748047, 27.53564453125], [83.59156799316406, 27.551368713378906], [83.59174346923828, 27.55538558959961], [83.59501647949219, 27.560049057006836], [83.5974349975586, 27.568378448486328], [83.59746551513672, 27.578075408935547], [83.59602355957031, 27.58393096923828], [83.59207153320312, 27.58966064453125], [83.58902740478516, 27.5943660736084], [83.588623046875, 27.600677490234375], [83.58821105957031, 27.606412887573242], [83.5903091430664, 27.614049911499023], [83.59408569335938, 27.62083625793457], [83.59691619873047, 27.623882293701172], [83.6009521484375, 27.630781173706055], [83.60247802734375, 27.636411666870117], [83.60535430908203, 27.642614364624023], [83.61061096191406, 27.650148391723633], [83.6129150390625, 27.656238555908203], [83.61605072021484, 27.66313362121582], [83.61943817138672, 27.67031478881836], [83.6208267211914, 27.67909812927246], [83.62197875976562, 27.6816349029541], [83.62248992919922, 27.684560775756836], [83.621826171875, 27.689666748046875], [83.62438201904297, 27.695646286010742], [83.63095092773438, 27.698413848876953], [83.6365737915039, 27.696069717407227], [83.6443862915039, 27.69206428527832], [83.65290832519531, 27.68766212463379], [83.65703582763672, 27.68875503540039], [83.6585464477539, 27.699668884277344], [83.65989685058594, 27.703227996826172], [83.66053771972656, 27.702486038208008], [83.66313171386719, 27.699390411376953], [83.66539764404297, 27.696523666381836], [83.66779327392578, 27.69365882873535], [83.67211151123047, 27.691768646240234], [83.6773452758789, 27.689369201660156], [83.68148040771484, 27.68702507019043], [83.6860580444336, 27.685827255249023], [83.69232177734375, 27.684280395507812], [83.69677734375, 27.68297004699707], [83.70006561279297, 27.682281494140625], [83.7043228149414, 27.681598663330078], [83.70870971679688, 27.681604385375977], [83.7123794555664, 27.68184471130371], [83.71773529052734, 27.68276596069336], [83.72160339355469, 27.68317222595215], [83.72746276855469, 27.684736251831055], [83.72874450683594, 27.68771743774414], [83.72724914550781, 27.692136764526367], [83.72601318359375, 27.6970157623291], [83.72645568847656, 27.702068328857422], [83.72811889648438, 27.706201553344727], [83.73204803466797, 27.71051597595215], [83.73738861083984, 27.71344757080078], [83.74351501464844, 27.716957092285156], [83.74931335449219, 27.719087600708008], [83.75743865966797, 27.718753814697266], [83.767822265625, 27.719972610473633], [83.77510833740234, 27.722333908081055], [83.78252410888672, 27.722911834716797], [83.79949951171875, 27.720808029174805], [83.8066635131836, 27.718168258666992], [83.81292724609375, 27.714614868164062], [83.82060241699219, 27.713356018066406], [83.82705688476562, 27.712846755981445], [83.83247375488281, 27.710372924804688], [83.83769989013672, 27.71135902404785], [83.84001159667969, 27.71589469909668], [83.8399429321289, 27.72060203552246], [83.84213256835938, 27.72536849975586], [83.84263610839844, 27.73036003112793], [83.84373474121094, 27.731910705566406], [83.8535385131836, 27.731168746948242], [83.85728454589844, 27.732606887817383], [83.86141204833984, 27.733583450317383], [83.86689758300781, 27.73398780822754], [83.87289428710938, 27.733762741088867], [83.87934875488281, 27.7337646484375], [83.88450622558594, 27.73381805419922], [83.89019012451172, 27.73255729675293], [83.8952865600586, 27.7308406829834], [83.89916229248047, 27.73025894165039], [83.90070343017578, 27.730493545532227], [83.90315246582031, 27.733190536499023], [83.90560913085938, 27.73629379272461], [83.90850830078125, 27.735313415527344], [83.91315460205078, 27.73192596435547], [83.9181900024414, 27.729692459106445], [83.9214859008789, 27.72814178466797], [83.92703247070312, 27.727508544921875], [83.92696380615234, 27.730663299560547], [83.92896270751953, 27.734569549560547], [83.9326400756836, 27.737150192260742], [83.93708801269531, 27.739450454711914], [83.9427719116211, 27.742029190063477], [83.9481201171875, 27.744150161743164], [83.95276641845703, 27.746164321899414], [83.95535278320312, 27.74627685546875], [83.96051025390625, 27.74713897705078], [83.96141815185547, 27.74713134765625], [83.97871398925781, 27.75119972229004], [83.98329162597656, 27.750974655151367], [83.99148559570312, 27.751659393310547], [83.99491119384766, 27.75895118713379], [83.99432373046875, 27.76555061340332], [83.99594116210938, 27.77123260498047], [83.9976806640625, 27.776630401611328], [83.99974822998047, 27.78243064880371], [84.00284576416016, 27.78954315185547], [84.00420379638672, 27.791322708129883], [84.01175689697266, 27.7982177734375], [84.01556396484375, 27.80291748046875], [84.0166015625, 27.806360244750977], [84.01853942871094, 27.810380935668945], [84.02124786376953, 27.814228057861328], [84.0233154296875, 27.818016052246094], [84.02461242675781, 27.820886611938477], [84.02525329589844, 27.823352813720703], [84.02648162841797, 27.82651138305664], [84.02938842773438, 27.829496383666992], [84.0277099609375, 27.830642700195312], [84.026611328125, 27.83248519897461], [84.02622985839844, 27.83414649963379], [84.0255126953125, 27.837251663208008], [84.0248031616211, 27.84104347229004], [84.0248031616211, 27.8445987701416], [84.02629089355469, 27.84856414794922], [84.02874755859375, 27.852405548095703], [84.03125762939453, 27.857866287231445]]]}}]}